epoch,val_mae_B25,val_mae_B200,val_mae_B654
1,1.338286,1.168797,1.089534
2,1.334372,1.167789,0.936838
3,1.330990,1.165906,0.868016
4,1.327449,1.159417,0.845737
5,1.323176,1.123867,0.784697
6,1.319569,1.001960,0.706804
7,1.314863,0.822534,0.655464
8,1.310305,0.780881,0.628644
9,1.309014,0.682725,0.561082
10,1.311004,0.748762,0.539623
11,1.313243,0.719894,0.538235
12,1.314794,0.789410,0.506761
13,1.315308,0.702383,0.494773
14,1.314679,0.741114,0.507741
15,1.314325,0.744940,0.518968
16,1.313710,0.776622,0.513215
17,1.311751,0.702467,0.468083
18,1.310381,0.865821,0.490898
19,1.307974,0.783002,0.476981
20,1.303768,0.708675,0.469766
21,1.301871,0.816253,0.452781
22,1.300004,0.679309,0.462076
23,1.296880,0.772702,0.453752
24,1.292352,0.713888,0.467641
25,1.279779,0.724554,0.474191
26,1.262923,0.691347,0.455852
27,1.240127,0.701679,0.440745
28,1.209665,0.727185,0.476570
29,1.176169,0.715767,0.488494
30,1.162897,0.739637,0.471226
31,1.180047,0.731154,0.470191
32,1.202776,0.693224,0.455495
33,1.213650,0.796469,0.449729
34,1.215462,0.820331,0.507428
35,1.215290,0.762071,0.429850
36,1.229542,0.726670,0.441804
37,1.274104,0.732341,0.461950
38,1.336687,0.756858,0.443591
39,1.389888,0.742633,0.458944
40,1.412840,0.733109,0.435198
41,1.401288,0.719777,0.427477
42,1.353680,0.751508,0.451448
43,1.313521,0.749669,0.448458
44,1.323555,0.713440,0.440583
45,1.296063,0.716368,0.431161
46,1.280317,0.728625,0.424289
47,1.298601,0.686388,0.421168
48,1.304628,0.711960,0.457350
49,1.353744,0.684435,0.424098
50,1.426759,0.661959,0.423773
51,1.533078,0.709280,0.423040
52,1.581688,0.682912,0.412615
53,1.586747,0.691511,0.423369
54,1.658137,0.689194,0.425589
55,1.774704,0.703378,0.409557
56,1.733644,0.703541,0.428058
57,1.602724,0.704013,0.419698
58,1.552405,0.698033,0.435757
59,1.563682,0.710914,0.395380
60,1.630251,0.705906,0.427139
61,1.734073,0.706277,0.383428
62,1.852572,0.683593,0.396627
63,1.858901,0.694605,0.409361
64,1.804782,0.674419,0.387072
65,1.773440,0.674018,0.402292
66,1.770717,0.677241,0.400906
67,1.784112,0.673961,0.393610
68,1.797475,0.689378,0.416167
69,1.813104,0.665190,0.398342
70,1.801156,0.659390,0.381994
71,1.803003,0.654285,0.384243
72,1.791676,0.662887,0.426495
73,1.823298,0.669584,0.401351
74,1.881065,0.677038,0.393420
75,1.976792,0.685657,0.427068
76,2.022973,0.684978,0.389721
77,2.036481,0.667894,0.395886
78,2.019035,0.665093,0.390325
79,2.006643,0.670426,0.384454
80,2.008617,0.677420,0.394556
81,2.015882,0.685353,0.389311
82,2.025161,0.683451,0.406715
83,2.046734,0.680418,0.393792
84,2.063881,0.678644,0.378123
85,2.056357,0.693003,0.367452
86,2.021398,0.682354,0.382353
87,1.978266,0.676141,0.384126
88,1.945309,0.681066,0.386243
89,1.930379,0.680077,0.381213
90,1.938634,0.679067,0.353370
91,1.960553,0.681121,0.374238
92,1.993672,0.680300,0.373541
93,2.038101,0.680950,0.362978
94,2.067613,0.676094,0.360324
95,2.080529,0.679229,0.395990
96,2.080209,0.676858,0.373919
97,2.081149,0.677120,0.355688
98,2.078053,0.683793,0.366253
99,2.072924,0.681915,0.406124
100,2.065547,0.687183,0.358881
101,2.062674,0.681946,0.355487
102,2.057707,0.681404,0.353740
103,2.058940,0.677716,0.353284
104,2.062393,0.675989,0.348455
105,2.069015,0.681317,0.348790
106,2.088247,0.679267,0.402800
107,2.103176,0.679228,0.361937
108,2.116462,0.679570,0.362236
109,2.119838,0.679776,0.356139
110,2.108849,0.678146,0.346261
111,2.101886,0.677360,0.333998
112,2.095012,0.672611,0.348907
113,2.090769,0.671845,0.345880
114,2.082744,0.668490,0.341453
115,2.069955,0.671003,0.358337
116,2.059752,0.671069,0.356817
117,2.056993,0.669910,0.341005
118,2.053449,0.664993,0.335881
119,2.050324,0.665478,0.366554
120,2.049886,0.666715,0.363683
121,2.050466,0.667575,0.340501
122,2.054018,0.666354,0.371380
123,2.059117,0.663976,0.346278
124,2.065632,0.665433,0.359825
125,2.074203,0.666719,0.342070
126,2.085670,0.668891,0.343839
127,2.089800,0.667901,0.343691
128,2.093230,0.666013,0.337812
129,2.093704,0.664275,0.341362
130,2.092984,0.664932,0.340614
131,2.092009,0.666537,0.339342
132,2.090157,0.668751,0.338277
133,2.086683,0.668563,0.326560
134,2.082935,0.665179,0.339734
135,2.081270,0.663678,0.348574
136,2.078658,0.662445,0.346815
137,2.077210,0.662122,0.344105
138,2.076260,0.661072,0.331881
139,2.074252,0.661019,0.334967
140,2.073539,0.662132,0.336297
141,2.072669,0.662033,0.332289
142,2.071265,0.665191,0.327294
143,2.070635,0.666786,0.333498
144,2.070570,0.667462,0.335331
145,2.070860,0.666718,0.333527
146,2.072122,0.666484,0.327561
147,2.074490,0.667149,0.353277
148,2.075445,0.667744,0.333814
149,2.077380,0.666570,0.356334
150,2.077395,0.667777,0.331155
151,2.077164,0.666528,0.329365
152,2.076889,0.667492,0.333585
153,2.076535,0.667150,0.342152
154,2.076971,0.667787,0.335588
155,2.078086,0.668196,0.335901
156,2.078412,0.668516,0.330581
157,2.079071,0.668414,0.335310
158,2.081170,0.668998,0.336385
159,2.081946,0.669232,0.326594
160,2.082995,0.669409,0.331449
161,2.083821,0.668832,0.342739
162,2.084316,0.669344,0.338636
163,2.085328,0.668480,0.329170
164,2.086072,0.667755,0.334437
165,2.086844,0.668115,0.336366
166,2.087417,0.667571,0.334767
167,2.087697,0.667422,0.338135
168,2.087785,0.667687,0.336020
169,2.088292,0.667661,0.338430
170,2.089261,0.667708,0.334127
171,2.089904,0.667592,0.334092
172,2.090262,0.667120,0.336513
173,2.089969,0.666631,0.335962
174,2.089899,0.666239,0.337813
175,2.089853,0.665668,0.339520
176,2.089692,0.665007,0.334777
177,2.089571,0.664493,0.330736
178,2.089489,0.664159,0.336304
179,2.089311,0.664142,0.336051
180,2.089320,0.664161,0.335798
181,2.089301,0.664542,0.342033
182,2.089144,0.664455,0.335197
183,2.088952,0.664212,0.337190
184,2.089233,0.663929,0.335417
185,2.089555,0.664061,0.333741
186,2.089731,0.664172,0.330466
187,2.090289,0.664432,0.333873
188,2.090568,0.664389,0.333960
189,2.090868,0.664587,0.334102
190,2.090946,0.664687,0.334396
191,2.090925,0.664841,0.334040
192,2.090980,0.664788,0.334802
193,2.091165,0.664613,0.334017
194,2.091373,0.664504,0.335547
195,2.091539,0.664604,0.333518
196,2.091683,0.664571,0.334462
197,2.091808,0.664427,0.332949
198,2.091799,0.664258,0.335150
199,2.091727,0.664198,0.336503
200,2.091699,0.664174,0.336760
201,2.091690,0.664123,0.334759
202,2.091616,0.664047,0.335201
203,2.091664,0.664115,0.337456
204,2.091748,0.664060,0.337453
205,2.091793,0.664000,0.337043
206,2.091858,0.663960,0.336489
207,2.091867,0.664010,0.336436
208,2.091867,0.664119,0.335421
209,2.091886,0.664154,0.335814
210,2.091905,0.664178,0.337118
211,2.091945,0.664228,0.337641
212,2.092043,0.664291,0.336990
213,2.092094,0.664164,0.337619
214,2.092187,0.664183,0.337551
215,2.092307,0.664235,0.337511
216,2.092361,0.664177,0.337011
217,2.092463,0.664204,0.336082
218,2.092514,0.664241,0.336867
219,2.092676,0.664286,0.337644
220,2.092683,0.664270,0.337278
221,2.092690,0.664270,0.336365
222,2.092816,0.664289,0.337118
223,2.092876,0.664345,0.337249
224,2.092901,0.664384,0.337177
225,2.093058,0.664417,0.337689
226,2.093111,0.664436,0.338194
227,2.093153,0.664403,0.337716
228,2.093168,0.664364,0.338584
229,2.093209,0.664436,0.338644
230,2.093217,0.664448,0.338569
231,2.093176,0.664428,0.338733
232,2.093147,0.664407,0.338200
233,2.093095,0.664371,0.337922
234,2.093068,0.664346,0.337453
235,2.093061,0.664316,0.337887
236,2.093055,0.664307,0.337877
237,2.093037,0.664316,0.337867
238,2.092967,0.664314,0.337601
239,2.092888,0.664293,0.337701
240,2.092884,0.664310,0.337462
241,2.092916,0.664326,0.337651
242,2.092971,0.664350,0.337737
243,2.093013,0.664338,0.337909
244,2.093014,0.664336,0.337663
245,2.093019,0.664347,0.337250
246,2.093035,0.664351,0.337421
247,2.093080,0.664346,0.337695
248,2.093080,0.664341,0.337626
249,2.093087,0.664340,0.337774
250,2.093110,0.664338,0.337760
251,2.093139,0.664325,0.337684
252,2.093204,0.664304,0.337635
253,2.093209,0.664295,0.337480
254,2.093240,0.664310,0.337587
255,2.093261,0.664309,0.337717
256,2.093276,0.664311,0.337552
257,2.093279,0.664310,0.337282
258,2.093284,0.664313,0.337423
259,2.093288,0.664317,0.337510
260,2.093288,0.664319,0.337560
261,2.093289,0.664319,0.337493
262,2.093299,0.664321,0.337583
263,2.093309,0.664307,0.337579
264,2.093310,0.664306,0.337405
265,2.093313,0.664308,0.337498
266,2.093321,0.664310,0.337507
267,2.093335,0.664306,0.337507
268,2.093340,0.664304,0.337685
269,2.093345,0.664307,0.337678
270,2.093371,0.664300,0.337669
271,2.093376,0.664293,0.337700
272,2.093379,0.664296,0.337720
273,2.093381,0.664299,0.337799
274,2.093381,0.664305,0.337780
275,2.093385,0.664308,0.337826
276,2.093386,0.664314,0.337846
277,2.093389,0.664312,0.337939
278,2.093391,0.664310,0.337880
279,2.093392,0.664303,0.337788
280,2.093395,0.664301,0.337745
281,2.093396,0.664302,0.337731
282,2.093396,0.664304,0.337686
283,2.093396,0.664301,0.337732
284,2.093396,0.664302,0.337755
285,2.093418,0.664304,0.337777
286,2.093417,0.664302,0.337682
287,2.093418,0.664305,0.337674
288,2.093418,0.664307,0.337689
289,2.093420,0.664314,0.337668
290,2.093420,0.664313,0.337704
291,2.093419,0.664312,0.337689
292,2.093419,0.664304,0.337722
293,2.093420,0.664302,0.337745
294,2.093421,0.664299,0.337732
295,2.093422,0.664297,0.337751
296,2.093444,0.664297,0.337757
297,2.093445,0.664301,0.337796
298,2.093424,0.664302,0.337792
299,2.093425,0.664302,0.337796
300,2.093425,0.664303,0.337765
301,2.093426,0.664301,0.337757
302,2.093427,0.664298,0.337773
303,2.093426,0.664299,0.337795
304,2.093428,0.664298,0.337808
305,2.093456,0.664299,0.337817
306,2.093434,0.664301,0.337834
307,2.093435,0.664301,0.337773
308,2.093435,0.664301,0.337803
309,2.093436,0.664300,0.337836
310,2.093437,0.664300,0.337830
311,2.093439,0.664299,0.337824
312,2.093442,0.664300,0.337840
313,2.093442,0.664299,0.337837
314,2.093465,0.664301,0.337843
315,2.093443,0.664302,0.337843
316,2.093445,0.664302,0.337839
317,2.093445,0.664302,0.337818
318,2.093445,0.664302,0.337806
319,2.093445,0.664302,0.337814
320,2.093445,0.664302,0.337810
321,2.093446,0.664303,0.337820
322,2.093446,0.664303,0.337813
323,2.093446,0.664303,0.337813
324,2.093469,0.664304,0.337797
325,2.093471,0.664303,0.337803
326,2.093472,0.664307,0.337811
327,2.093472,0.664305,0.337797
328,2.093472,0.664304,0.337801
329,2.093471,0.664302,0.337794
330,2.093467,0.664303,0.337788
331,2.093472,0.664303,0.337793
332,2.093473,0.664304,0.337794
333,2.093474,0.664305,0.337792
334,2.093475,0.664305,0.337795
335,2.093475,0.664303,0.337797
336,2.093476,0.664301,0.337795
337,2.093477,0.664300,0.337801
338,2.093478,0.664298,0.337805
339,2.093478,0.664295,0.337805
340,2.093479,0.664292,0.337802
341,2.093479,0.664289,0.337802
342,2.093479,0.664293,0.337801
343,2.093479,0.664291,0.337803
344,2.093480,0.664293,0.337807
345,2.093481,0.664291,0.337802
346,2.093483,0.664289,0.337799
347,2.093484,0.664289,0.337794
348,2.093484,0.664288,0.337802
349,2.093485,0.664289,0.337805
350,2.093487,0.664289,0.337802
351,2.093487,0.664290,0.337803
352,2.093488,0.664291,0.337804
353,2.093489,0.664292,0.337798
354,2.093489,0.664295,0.337789
355,2.093489,0.664298,0.337796
356,2.093490,0.664297,0.337803
357,2.093491,0.664297,0.337808
358,2.093492,0.664299,0.337810
359,2.093493,0.664295,0.337808
360,2.093494,0.664295,0.337816
361,2.093494,0.664296,0.337813
362,2.093496,0.664296,0.337815
363,2.093496,0.664299,0.337804
364,2.093496,0.664299,0.337805
365,2.093496,0.664300,0.337797
366,2.093496,0.664300,0.337797
367,2.093496,0.664303,0.337798
368,2.093496,0.664304,0.337798
369,2.093492,0.664303,0.337800
370,2.093492,0.664301,0.337800
371,2.093491,0.664299,0.337806
372,2.093492,0.664299,0.337798
373,2.093486,0.664302,0.337795
374,2.093508,0.664300,0.337800
375,2.093509,0.664298,0.337796
376,2.093510,0.664298,0.337795
377,2.093512,0.664299,0.337797
378,2.093513,0.664302,0.337799
379,2.093512,0.664302,0.337796
380,2.093512,0.664303,0.337797
381,2.093512,0.664300,0.337795
382,2.093513,0.664300,0.337795
383,2.093514,0.664295,0.337799
384,2.093515,0.664294,0.337795
385,2.093517,0.664293,0.337794
386,2.093518,0.664294,0.337793
387,2.093518,0.664293,0.337793
388,2.093519,0.664293,0.337798
389,2.093520,0.664293,0.337799
390,2.093521,0.664293,0.337798
391,2.093521,0.664293,0.337799
392,2.093522,0.664288,0.337801
393,2.093517,0.664288,0.337801
394,2.093519,0.664289,0.337796
395,2.093520,0.664288,0.337798
396,2.093523,0.664290,0.337796
397,2.093524,0.664295,0.337802
398,2.093526,0.664295,0.337799
399,2.093526,0.664291,0.337798
400,2.093529,0.664291,0.337794
401,2.093530,0.664290,0.337794
402,2.093532,0.664292,0.337793
403,2.093531,0.664292,0.337795
404,2.093532,0.664290,0.337794
405,2.093532,0.664289,0.337800
406,2.093533,0.664288,0.337799
407,2.093536,0.664288,0.337796
408,2.093538,0.664288,0.337796
409,2.093538,0.664291,0.337795
410,2.093538,0.664291,0.337794
411,2.093539,0.664285,0.337794
412,2.093539,0.664282,0.337797
413,2.093539,0.664285,0.337794
414,2.093540,0.664286,0.337793
415,2.093542,0.664284,0.337795
416,2.093543,0.664284,0.337795
417,2.093546,0.664284,0.337796
418,2.093546,0.664284,0.337793
419,2.093547,0.664285,0.337797
420,2.093547,0.664287,0.337794
421,2.093547,0.664289,0.337794
422,2.093548,0.664290,0.337795
423,2.093547,0.664285,0.337795
424,2.093546,0.664284,0.337798
425,2.093545,0.664284,0.337796
426,2.093545,0.664282,0.337798
427,2.093544,0.664282,0.337796
428,2.093541,0.664283,0.337797
429,2.093541,0.664283,0.337796
430,2.093541,0.664284,0.337799
431,2.093542,0.664282,0.337796
432,2.093542,0.664286,0.337796
433,2.093541,0.664285,0.337797
434,2.093539,0.664285,0.337795
435,2.093539,0.664283,0.337794
436,2.093538,0.664280,0.337794
437,2.093537,0.664283,0.337792
438,2.093536,0.664284,0.337792
439,2.093536,0.664282,0.337790
440,2.093536,0.664285,0.337791
441,2.093534,0.664285,0.337790
442,2.093534,0.664286,0.337789
443,2.093532,0.664283,0.337789
444,2.093531,0.664286,0.337790
445,2.093533,0.664283,0.337786
446,2.093534,0.664282,0.337789
447,2.093534,0.664282,0.337787
448,2.093534,0.664278,0.337791
449,2.093533,0.664278,0.337794
450,2.093531,0.664276,0.337790
451,2.093527,0.664272,0.337792
452,2.093525,0.664272,0.337793
453,2.093523,0.664273,0.337789
454,2.093523,0.664274,0.337787
455,2.093523,0.664277,0.337790
456,2.093524,0.664275,0.337790
457,2.093524,0.664274,0.337792
458,2.093525,0.664275,0.337792
459,2.093525,0.664276,0.337792
460,2.093524,0.664273,0.337796
461,2.093523,0.664269,0.337791
462,2.093523,0.664268,0.337791
463,2.093525,0.664270,0.337790
464,2.093525,0.664276,0.337792
465,2.093525,0.664268,0.337786
466,2.093525,0.664269,0.337795
467,2.093525,0.664268,0.337792
468,2.093525,0.664267,0.337794
469,2.093525,0.664266,0.337790
470,2.093526,0.664265,0.337789
471,2.093527,0.664267,0.337789
472,2.093529,0.664271,0.337788
473,2.093529,0.664276,0.337788
474,2.093529,0.664277,0.337788
475,2.093529,0.664278,0.337788
476,2.093531,0.664277,0.337787
477,2.093532,0.664277,0.337789
478,2.093532,0.664276,0.337789
479,2.093532,0.664274,0.337788
480,2.093533,0.664272,0.337786
481,2.093533,0.664277,0.337785
482,2.093534,0.664275,0.337786
483,2.093535,0.664274,0.337786
484,2.093537,0.664279,0.337784
485,2.093538,0.664277,0.337781
486,2.093542,0.664273,0.337782
487,2.093543,0.664269,0.337782
488,2.093544,0.664268,0.337780
489,2.093546,0.664269,0.337781
490,2.093547,0.664272,0.337779
491,2.093549,0.664276,0.337779
492,2.093551,0.664277,0.337777
493,2.093552,0.664282,0.337778
494,2.093554,0.664284,0.337778
495,2.093554,0.664283,0.337778
496,2.093554,0.664284,0.337777
497,2.093554,0.664284,0.337777
498,2.093555,0.664283,0.337777
499,2.093555,0.664279,0.337775
500,2.093554,0.664284,0.337776
501,2.093554,0.664281,0.337778
502,2.093554,0.664282,0.337775
503,2.093552,0.664284,0.337777
504,2.093551,0.664284,0.337774
505,2.093550,0.664285,0.337777
506,2.093550,0.664285,0.337777
507,2.093551,0.664283,0.337778
508,2.093551,0.664286,0.337777
509,2.093550,0.664286,0.337776
510,2.093550,0.664285,0.337774
511,2.093550,0.664286,0.337775
512,2.093551,0.664285,0.337776
513,2.093551,0.664284,0.337774
514,2.093552,0.664282,0.337776
515,2.093551,0.664286,0.337771
516,2.093555,0.664281,0.337773
517,2.093558,0.664284,0.337773
518,2.093559,0.664291,0.337776
519,2.093561,0.664295,0.337775
520,2.093562,0.664291,0.337773
521,2.093564,0.664284,0.337774
522,2.093565,0.664282,0.337776
523,2.093567,0.664288,0.337778
524,2.093568,0.664289,0.337776
525,2.093568,0.664287,0.337776
526,2.093568,0.664287,0.337775
527,2.093569,0.664293,0.337774
528,2.093569,0.664299,0.337773
529,2.093569,0.664298,0.337771
530,2.093569,0.664299,0.337774
531,2.093567,0.664300,0.337772
532,2.093572,0.664299,0.337772
533,2.093572,0.664299,0.337774
534,2.093572,0.664299,0.337775
535,2.093573,0.664298,0.337772
536,2.093573,0.664297,0.337775
537,2.093574,0.664296,0.337775
538,2.093574,0.664296,0.337775
539,2.093575,0.664295,0.337772
540,2.093576,0.664296,0.337776
541,2.093576,0.664300,0.337773
542,2.093576,0.664306,0.337774
543,2.093576,0.664297,0.337774
544,2.093576,0.664299,0.337770
545,2.093576,0.664303,0.337770
546,2.093576,0.664305,0.337770
547,2.093577,0.664310,0.337770
548,2.093576,0.664310,0.337769
549,2.093576,0.664311,0.337770
550,2.093576,0.664310,0.337767
551,2.093577,0.664309,0.337767
552,2.093577,0.664308,0.337768
553,2.093576,0.664308,0.337768
554,2.093576,0.664310,0.337767
555,2.093576,0.664311,0.337767
556,2.093577,0.664310,0.337769
557,2.093576,0.664306,0.337770
558,2.093576,0.664311,0.337772
559,2.093576,0.664311,0.337772
560,2.093576,0.664308,0.337772
561,2.093576,0.664309,0.337774
562,2.093576,0.664309,0.337773
563,2.093577,0.664309,0.337773
564,2.093577,0.664309,0.337772
565,2.093577,0.664307,0.337772
566,2.093577,0.664307,0.337771
567,2.093575,0.664311,0.337771
568,2.093574,0.664308,0.337769
569,2.093574,0.664308,0.337769
570,2.093574,0.664306,0.337770
571,2.093574,0.664305,0.337771
572,2.093575,0.664302,0.337772
573,2.093576,0.664300,0.337773
574,2.093577,0.664300,0.337773
575,2.093578,0.664300,0.337772
576,2.093579,0.664296,0.337772
577,2.093580,0.664291,0.337772
578,2.093579,0.664294,0.337771
579,2.093579,0.664294,0.337773
580,2.093578,0.664294,0.337771
581,2.093578,0.664295,0.337770
582,2.093580,0.664292,0.337775
583,2.093581,0.664289,0.337768
584,2.093581,0.664292,0.337767
585,2.093582,0.664290,0.337767
586,2.093583,0.664290,0.337769
587,2.093584,0.664290,0.337770
588,2.093586,0.664290,0.337768
589,2.093587,0.664290,0.337768
590,2.093587,0.664290,0.337767
591,2.093588,0.664291,0.337768
592,2.093588,0.664292,0.337769
593,2.093588,0.664294,0.337768
594,2.093590,0.664291,0.337771
595,2.093593,0.664291,0.337770
596,2.093595,0.664290,0.337769
597,2.093596,0.664288,0.337769
598,2.093598,0.664290,0.337767
599,2.093599,0.664289,0.337767
600,2.093600,0.664287,0.337773
601,2.093601,0.664292,0.337768
602,2.093602,0.664296,0.337769
603,2.093603,0.664294,0.337769
604,2.093603,0.664296,0.337767
605,2.093603,0.664298,0.337768
606,2.093602,0.664299,0.337767
607,2.093600,0.664300,0.337777
608,2.093599,0.664300,0.337775
609,2.093599,0.664300,0.337776
610,2.093599,0.664298,0.337776
611,2.093597,0.664295,0.337778
612,2.093596,0.664288,0.337767
613,2.093593,0.664287,0.337776
614,2.093589,0.664286,0.337775
615,2.093589,0.664287,0.337777
616,2.093589,0.664293,0.337777
617,2.093590,0.664294,0.337775
618,2.093590,0.664286,0.337774
619,2.093591,0.664284,0.337773
620,2.093591,0.664287,0.337772
621,2.093591,0.664289,0.337773
622,2.093592,0.664292,0.337773
623,2.093592,0.664288,0.337774
624,2.093591,0.664286,0.337776
625,2.093590,0.664288,0.337775
626,2.093591,0.664289,0.337776
627,2.093592,0.664291,0.337777
628,2.093593,0.664294,0.337776
629,2.093593,0.664294,0.337777
630,2.093594,0.664295,0.337775
631,2.093595,0.664293,0.337777
632,2.093596,0.664296,0.337778
633,2.093597,0.664296,0.337776
634,2.093600,0.664295,0.337777
635,2.093602,0.664296,0.337778
636,2.093602,0.664296,0.337776
637,2.093603,0.664296,0.337778
638,2.093604,0.664297,0.337777
639,2.093604,0.664295,0.337778
640,2.093605,0.664290,0.337775
641,2.093604,0.664289,0.337771
642,2.093604,0.664289,0.337769
643,2.093604,0.664290,0.337776
644,2.093604,0.664291,0.337775
645,2.093604,0.664291,0.337775
646,2.093604,0.664291,0.337776
647,2.093604,0.664290,0.337776
648,2.093604,0.664290,0.337777
649,2.093605,0.664292,0.337775
650,2.093605,0.664298,0.337775
651,2.093606,0.664302,0.337773
652,2.093606,0.664298,0.337774
653,2.093607,0.664300,0.337776
654,2.093608,0.664301,0.337774
655,2.093609,0.664303,0.337774
656,2.093609,0.664303,0.337771
657,2.093609,0.664303,0.337774
658,2.093609,0.664303,0.337774
659,2.093609,0.664304,0.337772
660,2.093609,0.664303,0.337770
661,2.093609,0.664305,0.337771
662,2.093609,0.664307,0.337770
663,2.093610,0.664308,0.337771
664,2.093610,0.664309,0.337769
665,2.093610,0.664310,0.337769
666,2.093610,0.664310,0.337772
667,2.093612,0.664309,0.337770
668,2.093612,0.664310,0.337772
669,2.093613,0.664310,0.337771
670,2.093613,0.664308,0.337770
671,2.093613,0.664307,0.337773
672,2.093613,0.664304,0.337772
673,2.093614,0.664294,0.337769
674,2.093614,0.664289,0.337771
675,2.093613,0.664289,0.337770
676,2.093614,0.664290,0.337771
677,2.093613,0.664288,0.337773
678,2.093612,0.664290,0.337766
679,2.093612,0.664292,0.337770
680,2.093612,0.664293,0.337771
681,2.093612,0.664295,0.337772
682,2.093608,0.664293,0.337771
683,2.093608,0.664294,0.337770
684,2.093609,0.664294,0.337771
685,2.093611,0.664295,0.337771
686,2.093620,0.664295,0.337771
687,2.093621,0.664296,0.337768
688,2.093622,0.664296,0.337767
689,2.093623,0.664299,0.337767
690,2.093625,0.664295,0.337769
691,2.093628,0.664294,0.337765
692,2.093629,0.664293,0.337767
693,2.093632,0.664293,0.337767
694,2.093635,0.664292,0.337766
695,2.093641,0.664291,0.337767
696,2.093642,0.664292,0.337766
697,2.093643,0.664291,0.337765
698,2.093645,0.664291,0.337763
699,2.093646,0.664292,0.337764
700,2.093647,0.664293,0.337764
701,2.093647,0.664293,0.337766
702,2.093648,0.664292,0.337768
703,2.093649,0.664292,0.337770
704,2.093652,0.664292,0.337769
705,2.093661,0.664292,0.337770
706,2.093664,0.664295,0.337769
707,2.093665,0.664295,0.337770
708,2.093667,0.664293,0.337767
709,2.093668,0.664293,0.337767
710,2.093673,0.664292,0.337769
711,2.093675,0.664292,0.337769
712,2.093676,0.664295,0.337770
713,2.093680,0.664299,0.337768
714,2.093681,0.664302,0.337768
715,2.093683,0.664302,0.337769
716,2.093684,0.664298,0.337769
717,2.093685,0.664299,0.337766
718,2.093686,0.664298,0.337769
719,2.093687,0.664297,0.337770
720,2.093687,0.664296,0.337769
721,2.093688,0.664296,0.337762
722,2.093688,0.664297,0.337763
723,2.093688,0.664297,0.337762
724,2.093689,0.664298,0.337763
725,2.093688,0.664299,0.337771
726,2.093687,0.664299,0.337765
727,2.093686,0.664299,0.337767
728,2.093687,0.664300,0.337768
729,2.093687,0.664300,0.337768
730,2.093687,0.664299,0.337761
731,2.093688,0.664299,0.337762
732,2.093688,0.664300,0.337764
733,2.093689,0.664299,0.337762
734,2.093689,0.664300,0.337765
735,2.093689,0.664302,0.337762
736,2.093690,0.664301,0.337761
737,2.093691,0.664301,0.337766
738,2.093693,0.664301,0.337767
739,2.093694,0.664302,0.337765
740,2.093694,0.664302,0.337768
741,2.093694,0.664301,0.337769
742,2.093694,0.664301,0.337769
743,2.093694,0.664301,0.337765
744,2.093695,0.664300,0.337767
745,2.093694,0.664301,0.337769
746,2.093692,0.664302,0.337766
747,2.093691,0.664301,0.337764
748,2.093687,0.664301,0.337766
749,2.093686,0.664301,0.337769
750,2.093686,0.664299,0.337764
751,2.093685,0.664298,0.337773
752,2.093685,0.664298,0.337775
753,2.093684,0.664299,0.337772
754,2.093684,0.664301,0.337766
755,2.093684,0.664299,0.337773
756,2.093684,0.664303,0.337773
757,2.093684,0.664303,0.337775
758,2.093685,0.664302,0.337772
759,2.093685,0.664303,0.337773
760,2.093685,0.664304,0.337772
761,2.093684,0.664307,0.337771
762,2.093684,0.664307,0.337771
763,2.093683,0.664308,0.337771
764,2.093682,0.664308,0.337774
765,2.093681,0.664309,0.337772
766,2.093681,0.664312,0.337772
767,2.093680,0.664312,0.337772
768,2.093680,0.664311,0.337771
769,2.093680,0.664311,0.337770
770,2.093680,0.664311,0.337773
771,2.093681,0.664311,0.337773
772,2.093681,0.664311,0.337774
773,2.093682,0.664309,0.337772
774,2.093683,0.664310,0.337774
775,2.093682,0.664310,0.337774
776,2.093682,0.664309,0.337773
777,2.093681,0.664310,0.337772
778,2.093680,0.664309,0.337772
779,2.093679,0.664309,0.337772
780,2.093677,0.664308,0.337774
781,2.093676,0.664309,0.337776
782,2.093676,0.664310,0.337776
783,2.093676,0.664311,0.337777
784,2.093677,0.664308,0.337777
785,2.093678,0.664307,0.337777
786,2.093680,0.664303,0.337777
787,2.093680,0.664303,0.337776
788,2.093680,0.664307,0.337777
789,2.093680,0.664310,0.337778
790,2.093680,0.664310,0.337781
791,2.093681,0.664305,0.337779
792,2.093682,0.664307,0.337781
793,2.093682,0.664308,0.337780
794,2.093683,0.664310,0.337777
795,2.093683,0.664310,0.337775
796,2.093684,0.664312,0.337774
797,2.093684,0.664311,0.337775
798,2.093684,0.664310,0.337778
799,2.093684,0.664311,0.337776
800,2.093685,0.664311,0.337779
801,2.093686,0.664312,0.337777
802,2.093686,0.664310,0.337775
803,2.093686,0.664314,0.337775
804,2.093687,0.664316,0.337775
805,2.093688,0.664314,0.337776
806,2.093690,0.664306,0.337775
807,2.093694,0.664306,0.337778
808,2.093696,0.664308,0.337777
809,2.093703,0.664310,0.337777
810,2.093707,0.664311,0.337776
811,2.093710,0.664315,0.337777
812,2.093713,0.664316,0.337778
813,2.093715,0.664317,0.337777
814,2.093717,0.664317,0.337779
815,2.093721,0.664318,0.337778
816,2.093724,0.664313,0.337780
817,2.093735,0.664315,0.337775
818,2.093747,0.664318,0.337777
819,2.093747,0.664318,0.337775
820,2.093748,0.664311,0.337775
821,2.093750,0.664309,0.337779
822,2.093752,0.664309,0.337779
823,2.093753,0.664309,0.337777
824,2.093755,0.664309,0.337778
825,2.093755,0.664309,0.337778
826,2.093756,0.664311,0.337776
827,2.093756,0.664312,0.337777
828,2.093755,0.664312,0.337776
829,2.093754,0.664313,0.337779
830,2.093754,0.664312,0.337782
831,2.093752,0.664311,0.337781
832,2.093750,0.664309,0.337783
833,2.093746,0.664310,0.337780
834,2.093745,0.664309,0.337781
835,2.093744,0.664310,0.337783
836,2.093744,0.664316,0.337781
837,2.093732,0.664318,0.337780
838,2.093732,0.664320,0.337781
839,2.093720,0.664319,0.337775
840,2.093721,0.664316,0.337774
841,2.093720,0.664317,0.337778
842,2.093732,0.664315,0.337778
843,2.093732,0.664316,0.337778
844,2.093743,0.664314,0.337777
845,2.093744,0.664314,0.337774
846,2.093743,0.664314,0.337775
847,2.093743,0.664313,0.337777
848,2.093743,0.664314,0.337777
849,2.093744,0.664314,0.337776
850,2.093744,0.664313,0.337778
851,2.093744,0.664314,0.337774
852,2.093745,0.664312,0.337774
853,2.093746,0.664310,0.337774
854,2.093748,0.664310,0.337772
855,2.093748,0.664310,0.337775
856,2.093750,0.664310,0.337772
857,2.093752,0.664310,0.337778
858,2.093758,0.664310,0.337777
859,2.093772,0.664309,0.337774
860,2.093776,0.664309,0.337771
861,2.093778,0.664309,0.337772
862,2.093778,0.664310,0.337772
863,2.093778,0.664310,0.337771
864,2.093778,0.664306,0.337771
865,2.093778,0.664307,0.337776
866,2.093779,0.664306,0.337775
867,2.093779,0.664306,0.337771
868,2.093780,0.664307,0.337771
869,2.093780,0.664306,0.337773
870,2.093776,0.664306,0.337772
871,2.093776,0.664307,0.337772
872,2.093776,0.664306,0.337773
873,2.093764,0.664305,0.337773
874,2.093764,0.664303,0.337774
875,2.093776,0.664302,0.337776
876,2.093777,0.664302,0.337775
877,2.093779,0.664301,0.337770
878,2.093781,0.664304,0.337776
879,2.093782,0.664302,0.337774
880,2.093782,0.664301,0.337774
881,2.093783,0.664301,0.337773
882,2.093783,0.664299,0.337772
883,2.093771,0.664299,0.337770
884,2.093771,0.664299,0.337771
885,2.093772,0.664296,0.337774
886,2.093771,0.664296,0.337774
887,2.093772,0.664301,0.337773
888,2.093772,0.664301,0.337773
889,2.093769,0.664300,0.337768
890,2.093764,0.664299,0.337769
891,2.093764,0.664301,0.337768
892,2.093764,0.664301,0.337766
893,2.093764,0.664302,0.337767
894,2.093762,0.664299,0.337770
895,2.093748,0.664297,0.337766
896,2.093747,0.664298,0.337765
897,2.093746,0.664299,0.337771
898,2.093746,0.664299,0.337768
899,2.093735,0.664298,0.337768
900,2.093735,0.664297,0.337767
901,2.093735,0.664297,0.337768
902,2.093736,0.664297,0.337769
903,2.093736,0.664296,0.337769
904,2.093737,0.664295,0.337768
905,2.093738,0.664294,0.337768
906,2.093739,0.664295,0.337769
907,2.093740,0.664293,0.337767
908,2.093742,0.664292,0.337768
909,2.093743,0.664290,0.337763
910,2.093744,0.664289,0.337763
911,2.093757,0.664295,0.337764
912,2.093771,0.664304,0.337765
913,2.093771,0.664310,0.337763
914,2.093771,0.664312,0.337761
915,2.093771,0.664305,0.337760
916,2.093759,0.664307,0.337758
917,2.093747,0.664308,0.337762
918,2.093745,0.664309,0.337762
919,2.093745,0.664312,0.337763
920,2.093747,0.664311,0.337761
921,2.093748,0.664311,0.337762
922,2.093748,0.664314,0.337762
923,2.093748,0.664316,0.337763
924,2.093748,0.664313,0.337763
925,2.093748,0.664312,0.337762
926,2.093761,0.664311,0.337762
927,2.093773,0.664310,0.337763
928,2.093763,0.664307,0.337763
929,2.093778,0.664305,0.337764
930,2.093780,0.664304,0.337765
931,2.093781,0.664306,0.337765
932,2.093782,0.664306,0.337765
933,2.093783,0.664304,0.337763
934,2.093772,0.664307,0.337764
935,2.093771,0.664306,0.337763
936,2.093772,0.664307,0.337763
937,2.093772,0.664308,0.337763
938,2.093761,0.664309,0.337765
939,2.093761,0.664306,0.337765
940,2.093761,0.664305,0.337764
941,2.093762,0.664304,0.337765
942,2.093763,0.664300,0.337763
943,2.093762,0.664299,0.337761
944,2.093762,0.664305,0.337763
945,2.093763,0.664311,0.337764
946,2.093763,0.664311,0.337764
947,2.093764,0.664308,0.337765
948,2.093764,0.664306,0.337764
949,2.093764,0.664306,0.337763
950,2.093764,0.664303,0.337763
951,2.093764,0.664306,0.337763
952,2.093765,0.664309,0.337764
953,2.093765,0.664313,0.337762
954,2.093764,0.664313,0.337759
955,2.093762,0.664312,0.337762
956,2.093763,0.664312,0.337762
957,2.093764,0.664312,0.337763
958,2.093764,0.664309,0.337762
959,2.093765,0.664309,0.337760
960,2.093765,0.664313,0.337759
961,2.093766,0.664312,0.337761
962,2.093766,0.664312,0.337758
963,2.093766,0.664310,0.337760
964,2.093773,0.664311,0.337759
965,2.093773,0.664313,0.337760
966,2.093774,0.664311,0.337760
967,2.093775,0.664310,0.337763
968,2.093775,0.664311,0.337761
969,2.093775,0.664311,0.337760
970,2.093775,0.664311,0.337760
971,2.093776,0.664309,0.337761
972,2.093776,0.664309,0.337761
973,2.093776,0.664312,0.337762
974,2.093776,0.664313,0.337762
975,2.093777,0.664312,0.337763
976,2.093776,0.664312,0.337767
977,2.093775,0.664310,0.337767
978,2.093764,0.664311,0.337764
979,2.093764,0.664312,0.337762
980,2.093764,0.664312,0.337761
981,2.093764,0.664314,0.337762
982,2.093764,0.664312,0.337765
983,2.093765,0.664312,0.337764
984,2.093766,0.664310,0.337762
985,2.093765,0.664308,0.337761
986,2.093767,0.664308,0.337761
987,2.093767,0.664308,0.337761
988,2.093777,0.664307,0.337761
989,2.093778,0.664307,0.337761
990,2.093779,0.664307,0.337762
991,2.093779,0.664308,0.337763
992,2.093780,0.664310,0.337762
993,2.093780,0.664310,0.337762
994,2.093781,0.664309,0.337763
995,2.093781,0.664309,0.337760
996,2.093782,0.664309,0.337761
997,2.093784,0.664308,0.337762
998,2.093787,0.664309,0.337761
999,2.093788,0.664308,0.337761
1000,2.093791,0.664309,0.337760
1001,2.093793,0.664308,0.337763
1002,2.093794,0.664307,0.337763
1003,2.093794,0.664310,0.337765
1004,2.093793,0.664309,0.337765
1005,2.093793,0.664308,0.337765
1006,2.093793,0.664308,0.337766
1007,2.093793,0.664308,0.337765
1008,2.093791,0.664309,0.337765
1009,2.093790,0.664310,0.337761
1010,2.093785,0.664309,0.337759
1011,2.093785,0.664309,0.337759
1012,2.093785,0.664310,0.337759
1013,2.093784,0.664311,0.337759
1014,2.093784,0.664311,0.337761
1015,2.093781,0.664313,0.337761
1016,2.093780,0.664311,0.337760
1017,2.093779,0.664312,0.337760
1018,2.093778,0.664312,0.337763
1019,2.093776,0.664311,0.337762
1020,2.093774,0.664312,0.337763
1021,2.093772,0.664313,0.337762
1022,2.093771,0.664314,0.337760
1023,2.093770,0.664314,0.337761
1024,2.093770,0.664314,0.337760
1025,2.093771,0.664315,0.337759
1026,2.093771,0.664314,0.337761
1027,2.093773,0.664313,0.337762
1028,2.093775,0.664314,0.337762
1029,2.093777,0.664315,0.337760
1030,2.093777,0.664316,0.337760
1031,2.093778,0.664316,0.337760
1032,2.093779,0.664314,0.337761
1033,2.093779,0.664315,0.337760
1034,2.093781,0.664314,0.337762
1035,2.093781,0.664313,0.337763
1036,2.093780,0.664314,0.337762
1037,2.093780,0.664314,0.337763
1038,2.093777,0.664314,0.337763
1039,2.093776,0.664313,0.337763
1040,2.093775,0.664314,0.337760
1041,2.093781,0.664315,0.337761
1042,2.093782,0.664313,0.337762
1043,2.093785,0.664312,0.337763
1044,2.093786,0.664312,0.337760
1045,2.093787,0.664312,0.337762
1046,2.093788,0.664312,0.337764
1047,2.093790,0.664310,0.337766
1048,2.093790,0.664309,0.337764
1049,2.093790,0.664309,0.337762
1050,2.093790,0.664309,0.337763
1051,2.093792,0.664309,0.337760
1052,2.093798,0.664308,0.337763
1053,2.093801,0.664308,0.337767
1054,2.093802,0.664310,0.337766
1055,2.093802,0.664309,0.337766
1056,2.093804,0.664309,0.337765
1057,2.093805,0.664310,0.337769
1058,2.093806,0.664310,0.337766
1059,2.093806,0.664311,0.337769
1060,2.093806,0.664310,0.337768
1061,2.093809,0.664309,0.337768
1062,2.093812,0.664309,0.337768
1063,2.093812,0.664306,0.337767
1064,2.093813,0.664305,0.337766
1065,2.093814,0.664306,0.337765
1066,2.093814,0.664306,0.337766
1067,2.093814,0.664305,0.337764
1068,2.093814,0.664302,0.337766
1069,2.093814,0.664301,0.337768
1070,2.093816,0.664304,0.337764
1071,2.093817,0.664303,0.337764
1072,2.093819,0.664301,0.337764
1073,2.093821,0.664297,0.337768
1074,2.093823,0.664300,0.337770
1075,2.093825,0.664301,0.337768
1076,2.093826,0.664300,0.337767
1077,2.093829,0.664299,0.337767
1078,2.093830,0.664301,0.337767
1079,2.093832,0.664301,0.337765
1080,2.093832,0.664301,0.337764
1081,2.093832,0.664303,0.337764
1082,2.093832,0.664303,0.337766
1083,2.093831,0.664301,0.337766
1084,2.093831,0.664302,0.337767
1085,2.093831,0.664302,0.337766
1086,2.093832,0.664301,0.337764
1087,2.093833,0.664302,0.337764
1088,2.093833,0.664302,0.337768
1089,2.093833,0.664301,0.337765
1090,2.093833,0.664301,0.337767
1091,2.093834,0.664300,0.337766
1092,2.093835,0.664298,0.337766
1093,2.093843,0.664297,0.337768
1094,2.093845,0.664297,0.337765
1095,2.093845,0.664295,0.337761
1096,2.093846,0.664295,0.337766
1097,2.093846,0.664296,0.337767
1098,2.093846,0.664297,0.337770
1099,2.093847,0.664297,0.337773
1100,2.093848,0.664298,0.337772
1101,2.093850,0.664300,0.337769
1102,2.093851,0.664299,0.337771
1103,2.093852,0.664301,0.337770
1104,2.093851,0.664303,0.337769
1105,2.093853,0.664302,0.337770
1106,2.093854,0.664303,0.337763
1107,2.093855,0.664303,0.337763
1108,2.093856,0.664302,0.337766
1109,2.093857,0.664304,0.337765
1110,2.093857,0.664303,0.337762
1111,2.093857,0.664300,0.337765
1112,2.093857,0.664301,0.337763
1113,2.093857,0.664300,0.337755
1114,2.093857,0.664301,0.337761
1115,2.093857,0.664301,0.337761
1116,2.093860,0.664300,0.337761
1117,2.093861,0.664300,0.337760
1118,2.093863,0.664298,0.337762
1119,2.093862,0.664297,0.337759
1120,2.093862,0.664297,0.337759
1121,2.093864,0.664296,0.337758
1122,2.093863,0.664296,0.337761
1123,2.093863,0.664296,0.337761
1124,2.093862,0.664296,0.337762
1125,2.093860,0.664295,0.337761
1126,2.093859,0.664294,0.337762
1127,2.093857,0.664294,0.337762
1128,2.093855,0.664294,0.337761
1129,2.093854,0.664292,0.337761
1130,2.093854,0.664292,0.337753
1131,2.093853,0.664294,0.337753
1132,2.093852,0.664290,0.337758
1133,2.093851,0.664288,0.337759
1134,2.093851,0.664292,0.337757
1135,2.093851,0.664292,0.337756
1136,2.093851,0.664289,0.337756
1137,2.093852,0.664290,0.337757
1138,2.093852,0.664285,0.337754
1139,2.093852,0.664282,0.337755
1140,2.093852,0.664282,0.337757
1141,2.093852,0.664281,0.337757
1142,2.093852,0.664283,0.337753
1143,2.093853,0.664284,0.337754
1144,2.093855,0.664284,0.337751
1145,2.093856,0.664284,0.337750
1146,2.093857,0.664282,0.337753
1147,2.093856,0.664285,0.337751
1148,2.093856,0.664283,0.337752
1149,2.093856,0.664283,0.337757
1150,2.093856,0.664282,0.337750
1151,2.093857,0.664283,0.337755
1152,2.093857,0.664281,0.337752
1153,2.093858,0.664283,0.337756
1154,2.093859,0.664283,0.337754
1155,2.093859,0.664279,0.337752
1156,2.093859,0.664280,0.337751
1157,2.093859,0.664280,0.337752
1158,2.093860,0.664284,0.337753
1159,2.093860,0.664283,0.337754
1160,2.093861,0.664285,0.337755
1161,2.093861,0.664282,0.337755
1162,2.093863,0.664284,0.337754
1163,2.093864,0.664281,0.337752
1164,2.093866,0.664279,0.337753
1165,2.093867,0.664281,0.337751
1166,2.093867,0.664281,0.337754
1167,2.093867,0.664283,0.337754
1168,2.093867,0.664279,0.337755
1169,2.093867,0.664278,0.337757
1170,2.093867,0.664280,0.337758
1171,2.093870,0.664276,0.337755
1172,2.093870,0.664276,0.337757
1173,2.093870,0.664274,0.337755
1174,2.093870,0.664272,0.337755
1175,2.093869,0.664271,0.337755
1176,2.093870,0.664270,0.337754
1177,2.093870,0.664270,0.337754
1178,2.093870,0.664273,0.337755
1179,2.093870,0.664273,0.337755
1180,2.093871,0.664271,0.337757
1181,2.093872,0.664269,0.337763
1182,2.093872,0.664273,0.337765
1183,2.093873,0.664275,0.337765
1184,2.093874,0.664275,0.337764
1185,2.093874,0.664274,0.337766
1186,2.093874,0.664275,0.337765
1187,2.093874,0.664275,0.337767
1188,2.093875,0.664276,0.337765
1189,2.093875,0.664277,0.337768
1190,2.093875,0.664278,0.337767
1191,2.093875,0.664279,0.337766
1192,2.093876,0.664279,0.337765
1193,2.093878,0.664280,0.337767
1194,2.093879,0.664283,0.337767
1195,2.093879,0.664285,0.337768
1196,2.093880,0.664283,0.337767
1197,2.093880,0.664283,0.337768
1198,2.093881,0.664285,0.337769
1199,2.093881,0.664278,0.337767
1200,2.093881,0.664278,0.337768
1201,2.093881,0.664277,0.337768
1202,2.093881,0.664277,0.337770
1203,2.093882,0.664277,0.337770
1204,2.093882,0.664276,0.337768
1205,2.093883,0.664275,0.337770
1206,2.093883,0.664277,0.337774
1207,2.093884,0.664278,0.337772
1208,2.093885,0.664279,0.337773
1209,2.093884,0.664279,0.337772
1210,2.093884,0.664279,0.337773
1211,2.093883,0.664278,0.337772
1212,2.093884,0.664278,0.337773
1213,2.093885,0.664280,0.337773
1214,2.093886,0.664281,0.337773
1215,2.093887,0.664280,0.337773
1216,2.093886,0.664279,0.337774
1217,2.093887,0.664280,0.337772
1218,2.093890,0.664278,0.337770
1219,2.093891,0.664279,0.337771
1220,2.093892,0.664280,0.337772
1221,2.093893,0.664278,0.337770
1222,2.093893,0.664279,0.337769
1223,2.093895,0.664281,0.337768
1224,2.093896,0.664281,0.337767
1225,2.093898,0.664282,0.337770
1226,2.093899,0.664282,0.337770
1227,2.093899,0.664280,0.337769
1228,2.093898,0.664280,0.337767
1229,2.093898,0.664281,0.337769
1230,2.093898,0.664281,0.337769
1231,2.093898,0.664282,0.337770
1232,2.093897,0.664283,0.337770
1233,2.093896,0.664282,0.337772
1234,2.093897,0.664284,0.337771
1235,2.093896,0.664285,0.337770
1236,2.093895,0.664285,0.337768
1237,2.093894,0.664282,0.337768
1238,2.093893,0.664282,0.337769
1239,2.093893,0.664282,0.337768
1240,2.093891,0.664282,0.337768
1241,2.093891,0.664281,0.337767
1242,2.093890,0.664280,0.337766
1243,2.093890,0.664281,0.337766
1244,2.093890,0.664280,0.337763
1245,2.093890,0.664278,0.337763
1246,2.093890,0.664278,0.337761
1247,2.093889,0.664275,0.337760
1248,2.093890,0.664276,0.337755
1249,2.093890,0.664281,0.337758
1250,2.093890,0.664280,0.337759
1251,2.093891,0.664278,0.337760
1252,2.093891,0.664275,0.337758
1253,2.093891,0.664276,0.337758
1254,2.093892,0.664275,0.337763
1255,2.093891,0.664272,0.337764
1256,2.093891,0.664274,0.337762
1257,2.093890,0.664277,0.337768
1258,2.093889,0.664279,0.337766
1259,2.093887,0.664280,0.337765
1260,2.093885,0.664281,0.337767
1261,2.093885,0.664280,0.337764
1262,2.093885,0.664281,0.337764
1263,2.093885,0.664282,0.337762
1264,2.093886,0.664283,0.337764
1265,2.093886,0.664283,0.337767
1266,2.093886,0.664282,0.337765
1267,2.093888,0.664277,0.337765
1268,2.093888,0.664278,0.337761
1269,2.093888,0.664278,0.337764
1270,2.093888,0.664278,0.337766
1271,2.093888,0.664277,0.337767
1272,2.093889,0.664277,0.337763
1273,2.093889,0.664277,0.337762
1274,2.093889,0.664275,0.337763
1275,2.093890,0.664272,0.337762
1276,2.093891,0.664273,0.337761
1277,2.093892,0.664273,0.337761
1278,2.093893,0.664272,0.337762
1279,2.093895,0.664273,0.337761
1280,2.093897,0.664275,0.337761
1281,2.093899,0.664275,0.337763
1282,2.093901,0.664276,0.337764
1283,2.093904,0.664277,0.337761
1284,2.093905,0.664276,0.337762
1285,2.093909,0.664276,0.337763
1286,2.093914,0.664275,0.337763
1287,2.093914,0.664274,0.337763
1288,2.093915,0.664275,0.337763
1289,2.093915,0.664275,0.337762
1290,2.093915,0.664279,0.337762
1291,2.093917,0.664279,0.337763
1292,2.093918,0.664279,0.337761
1293,2.093918,0.664277,0.337761
1294,2.093916,0.664279,0.337763
1295,2.093916,0.664278,0.337764
1296,2.093914,0.664279,0.337765
1297,2.093914,0.664279,0.337766
1298,2.093915,0.664279,0.337766
1299,2.093913,0.664277,0.337764
1300,2.093913,0.664277,0.337765
1301,2.093912,0.664275,0.337763
1302,2.093911,0.664277,0.337764
1303,2.093911,0.664279,0.337763
1304,2.093910,0.664282,0.337764
1305,2.093910,0.664282,0.337765
1306,2.093912,0.664281,0.337763
1307,2.093911,0.664283,0.337764
1308,2.093911,0.664283,0.337763
1309,2.093912,0.664284,0.337763
1310,2.093912,0.664283,0.337762
1311,2.093913,0.664283,0.337761
1312,2.093913,0.664283,0.337759
1313,2.093913,0.664284,0.337757
1314,2.093914,0.664285,0.337758
1315,2.093914,0.664286,0.337758
1316,2.093914,0.664284,0.337761
1317,2.093915,0.664285,0.337757
1318,2.093915,0.664285,0.337761
1319,2.093915,0.664283,0.337761
1320,2.093915,0.664283,0.337760
1321,2.093915,0.664284,0.337762
1322,2.093915,0.664285,0.337760
1323,2.093915,0.664287,0.337760
1324,2.093914,0.664287,0.337761
1325,2.093914,0.664286,0.337761
1326,2.093914,0.664287,0.337763
1327,2.093915,0.664289,0.337762
1328,2.093914,0.664289,0.337763
1329,2.093915,0.664289,0.337765
1330,2.093916,0.664289,0.337767
1331,2.093916,0.664290,0.337766
1332,2.093916,0.664289,0.337766
1333,2.093917,0.664287,0.337768
1334,2.093917,0.664287,0.337766
1335,2.093917,0.664289,0.337764
1336,2.093918,0.664288,0.337765
1337,2.093919,0.664289,0.337762
1338,2.093919,0.664290,0.337766
1339,2.093918,0.664289,0.337767
1340,2.093918,0.664288,0.337767
1341,2.093917,0.664288,0.337767
1342,2.093916,0.664290,0.337767
1343,2.093915,0.664285,0.337767
1344,2.093915,0.664284,0.337768
1345,2.093914,0.664282,0.337767
1346,2.093914,0.664286,0.337766
1347,2.093912,0.664292,0.337767
1348,2.093910,0.664292,0.337767
1349,2.093908,0.664292,0.337769
1350,2.093908,0.664290,0.337767
1351,2.093906,0.664290,0.337769
1352,2.093906,0.664288,0.337768
1353,2.093905,0.664288,0.337767
1354,2.093905,0.664288,0.337766
1355,2.093903,0.664291,0.337768
1356,2.093900,0.664291,0.337767
1357,2.093899,0.664292,0.337772
1358,2.093898,0.664291,0.337770
1359,2.093897,0.664291,0.337769
1360,2.093894,0.664290,0.337770
1361,2.093895,0.664291,0.337770
1362,2.093894,0.664292,0.337769
1363,2.093893,0.664292,0.337770
1364,2.093893,0.664293,0.337769
1365,2.093892,0.664292,0.337771
1366,2.093891,0.664291,0.337770
1367,2.093890,0.664289,0.337770
1368,2.093890,0.664291,0.337770
1369,2.093889,0.664294,0.337770
1370,2.093890,0.664293,0.337767
1371,2.093890,0.664295,0.337768
1372,2.093890,0.664291,0.337768
1373,2.093890,0.664291,0.337768
1374,2.093891,0.664290,0.337769
1375,2.093891,0.664291,0.337770
1376,2.093893,0.664292,0.337769
1377,2.093894,0.664290,0.337771
1378,2.093896,0.664290,0.337773
1379,2.093898,0.664289,0.337773
1380,2.093899,0.664290,0.337772
1381,2.093900,0.664291,0.337773
1382,2.093902,0.664287,0.337771
1383,2.093903,0.664286,0.337773
1384,2.093904,0.664288,0.337773
1385,2.093906,0.664291,0.337775
1386,2.093907,0.664289,0.337775
1387,2.093907,0.664287,0.337774
1388,2.093911,0.664292,0.337773
1389,2.093912,0.664292,0.337773
1390,2.093913,0.664290,0.337771
1391,2.093915,0.664289,0.337775
1392,2.093915,0.664290,0.337771
1393,2.093917,0.664290,0.337773
1394,2.093918,0.664287,0.337774
1395,2.093922,0.664287,0.337775
1396,2.093923,0.664286,0.337773
1397,2.093924,0.664285,0.337771
1398,2.093923,0.664285,0.337771
1399,2.093922,0.664286,0.337770
1400,2.093923,0.664286,0.337772
1401,2.093922,0.664285,0.337770
1402,2.093923,0.664287,0.337769
1403,2.093923,0.664287,0.337770
1404,2.093924,0.664288,0.337769
1405,2.093925,0.664287,0.337767
1406,2.093926,0.664289,0.337769
1407,2.093928,0.664287,0.337769
1408,2.093930,0.664288,0.337768
1409,2.093931,0.664287,0.337767
1410,2.093932,0.664285,0.337770
1411,2.093933,0.664285,0.337768
1412,2.093934,0.664285,0.337769
1413,2.093934,0.664285,0.337768
1414,2.093934,0.664289,0.337767
1415,2.093934,0.664287,0.337769
1416,2.093934,0.664285,0.337768
1417,2.093934,0.664286,0.337768
1418,2.093932,0.664285,0.337770
1419,2.093932,0.664285,0.337770
1420,2.093932,0.664289,0.337772
1421,2.093932,0.664288,0.337772
1422,2.093933,0.664286,0.337772
1423,2.093933,0.664286,0.337770
1424,2.093933,0.664284,0.337772
1425,2.093933,0.664283,0.337772
1426,2.093934,0.664283,0.337770
1427,2.093937,0.664284,0.337769
1428,2.093938,0.664282,0.337770
1429,2.093941,0.664281,0.337769
1430,2.093941,0.664281,0.337768
1431,2.093943,0.664281,0.337769
1432,2.093944,0.664281,0.337770
1433,2.093947,0.664279,0.337768
1434,2.093951,0.664281,0.337769
1435,2.093956,0.664281,0.337768
1436,2.093959,0.664280,0.337768
1437,2.093961,0.664281,0.337766
1438,2.093962,0.664281,0.337767
1439,2.093963,0.664281,0.337768
1440,2.093964,0.664276,0.337768
1441,2.093964,0.664277,0.337768
1442,2.093965,0.664277,0.337767
1443,2.093971,0.664278,0.337766
1444,2.093971,0.664274,0.337767
1445,2.093973,0.664276,0.337766
1446,2.093974,0.664275,0.337766
1447,2.093974,0.664274,0.337765
1448,2.093974,0.664276,0.337765
1449,2.093974,0.664277,0.337765
1450,2.093975,0.664278,0.337766
1451,2.093975,0.664276,0.337763
1452,2.093975,0.664275,0.337765
1453,2.093974,0.664277,0.337765
1454,2.093974,0.664276,0.337764
1455,2.093975,0.664276,0.337767
1456,2.093976,0.664277,0.337767
1457,2.093974,0.664278,0.337771
1458,2.093974,0.664278,0.337767
1459,2.093975,0.664278,0.337767
1460,2.093975,0.664278,0.337766
1461,2.093975,0.664278,0.337766
1462,2.093974,0.664279,0.337764
1463,2.093974,0.664279,0.337769
1464,2.093974,0.664281,0.337770
1465,2.093974,0.664282,0.337769
1466,2.093974,0.664282,0.337766
1467,2.093974,0.664282,0.337769
1468,2.093975,0.664282,0.337766
1469,2.093975,0.664281,0.337767
1470,2.093967,0.664281,0.337766
1471,2.093960,0.664281,0.337767
1472,2.093959,0.664281,0.337767
1473,2.093958,0.664282,0.337767
1474,2.093954,0.664283,0.337767
1475,2.093949,0.664276,0.337766
1476,2.093948,0.664276,0.337768
1477,2.093947,0.664278,0.337767
1478,2.093947,0.664277,0.337769
1479,2.093946,0.664278,0.337772
1480,2.093946,0.664280,0.337766
1481,2.093948,0.664284,0.337767
1482,2.093949,0.664284,0.337764
1483,2.093949,0.664283,0.337764
1484,2.093950,0.664280,0.337764
1485,2.093950,0.664280,0.337766
1486,2.093951,0.664281,0.337769
1487,2.093951,0.664279,0.337770
1488,2.093951,0.664280,0.337771
1489,2.093951,0.664281,0.337769
1490,2.093953,0.664279,0.337769
1491,2.093954,0.664279,0.337770
1492,2.093956,0.664280,0.337770
1493,2.093956,0.664280,0.337769
1494,2.093958,0.664281,0.337771
1495,2.093959,0.664281,0.337772
1496,2.093960,0.664280,0.337771
1497,2.093961,0.664279,0.337772
1498,2.093964,0.664281,0.337771
1499,2.093968,0.664279,0.337773
1500,2.093968,0.664282,0.337773
