study,trial,state,hidden_width,megnet_blocks,dropout,readout_mlp_width,pooling,learning_rate,weight_decay,batch_size,objective,val_metric_raw,nonfinite,best_epoch,epochs_run,wall_s,peak_gb,est_peak_gb,solo,oom_retries,n_train_hosts,n_val_hosts,n_train_sites,n_val_sites,device,pod_commit,graphs_manifest_sha256,finished_utc
v2_S_a654,0,COMPLETE,64,3,0.2675319002346239,128,set2set,0.0006466422717414558,0.0001398196140899405,16,0.31983632315560245,0.31983632315560245,False,78,109,770.7,1.75,2.025,False,0,589,65,1248,126,cuda,738d5ad04640caa47b73607976e9f01d1a4d38c5,be5e5cfd5c3a5ad7fed3ee841c8a308292adefdd6b2fca909c377db1ae6d3713,2026-10-09T01:12:55+00:00
v2_S_a654,1,COMPLETE,64,3,0.13844380867587955,128,set2set,0.00013449326615130812,1.1498870747119453e-06,16,0.3554985213574252,0.3554985213574252,False,108,139,770.18,1.75,2.025,False,0,589,65,1248,126,cuda,738d5ad04640caa47b73607976e9f01d1a4d38c5,be5e5cfd5c3a5ad7fed3ee841c8a308292adefdd6b2fca909c377db1ae6d3713,2026-10-09T01:26:16+00:00
v2_S_a654,2,COMPLETE,128,3,0.18508019906242706,128,mean,0.0002459125638339736,0.0002102330874348012,16,0.29999606873123164,0.29999606873123164,False,86,117,1122.99,3.401,3.933,False,0,589,65,1248,126,cuda,738d5ad04640caa47b73607976e9f01d1a4d38c5,be5e5cfd5c3a5ad7fed3ee841c8a308292adefdd6b2fca909c377db1ae6d3713,2026-10-09T01:45:25+00:00
v2_S_a654,4,COMPLETE,64,3,0.2675319002346239,128,set2set,0.0006466422717414558,0.0001398196140899405,16,0.28311455594795215,0.28311455594795215,False,106,137,887.12,1.75,2.025,False,0,589,65,1248,126,cuda,738d5ad04640caa47b73607976e9f01d1a4d38c5,be5e5cfd5c3a5ad7fed3ee841c8a308292adefdd6b2fca909c377db1ae6d3713,2026-10-09T02:13:51+00:00
v2_S_a654,5,COMPLETE,64,3,0.13844380867587955,128,set2set,0.00013449326615130812,1.1498870747119453e-06,16,0.36287609231727785,0.36287609231727785,False,133,164,1054.88,1.75,2.025,False,0,589,65,1248,126,cuda,738d5ad04640caa47b73607976e9f01d1a4d38c5,be5e5cfd5c3a5ad7fed3ee841c8a308292adefdd6b2fca909c377db1ae6d3713,2026-10-09T02:32:49+00:00
v2_S_a654,6,COMPLETE,128,3,0.18508019906242706,128,mean,0.0002459125638339736,0.0002102330874348012,16,0.2806073470537295,0.2806073470537295,False,138,169,2005.6,3.401,3.933,False,0,589,65,1248,126,cuda,738d5ad04640caa47b73607976e9f01d1a4d38c5,be5e5cfd5c3a5ad7fed3ee841c8a308292adefdd6b2fca909c377db1ae6d3713,2026-10-09T03:07:34+00:00
v2_S_a654,7,COMPLETE,128,3,0.2965121514177678,64,set2set,0.000978618567468893,4.27708304996207e-06,32,0.3985753986763452,0.3985753986763452,False,38,69,619.12,6.236,7.792,False,0,589,65,1248,126,cuda,738d5ad04640caa47b73607976e9f01d1a4d38c5,be5e5cfd5c3a5ad7fed3ee841c8a308292adefdd6b2fca909c377db1ae6d3713,2026-10-09T03:19:17+00:00
v2_S_a654,8,COMPLETE,64,4,0.02913038273791838,128,mean,0.00017171860465888458,2.1435095535798564e-06,64,0.43337789877651556,0.43337789877651556,False,53,84,430.26,7.026,8.799,False,0,589,65,1248,126,cuda,738d5ad04640caa47b73607976e9f01d1a4d38c5,be5e5cfd5c3a5ad7fed3ee841c8a308292adefdd6b2fca909c377db1ae6d3713,2026-10-09T03:27:49+00:00
v2_S_a654,9,COMPLETE,128,4,0.019244248904635306,64,mean,0.00011425760617527577,7.053763390632226e-06,16,0.2777261994444301,0.2777261994444301,False,178,200,3125.64,4.444,5.137,False,0,589,65,1248,126,cuda,738d5ad04640caa47b73607976e9f01d1a4d38c5,be5e5cfd5c3a5ad7fed3ee841c8a308292adefdd6b2fca909c377db1ae6d3713,2026-10-09T04:21:27+00:00
v2_S_a654,10,COMPLETE,128,4,0.006032263856248066,128,set2set,0.00029550509331092317,0.00010051506084660803,16,0.2723357609464297,0.2723357609464297,False,153,184,2910.94,4.445,5.137,False,0,589,65,1248,126,cuda,738d5ad04640caa47b73607976e9f01d1a4d38c5,be5e5cfd5c3a5ad7fed3ee841c8a308292adefdd6b2fca909c377db1ae6d3713,2026-10-09T05:11:16+00:00
v2_S_a654,11,COMPLETE,128,4,0.10681352586921457,128,set2set,0.0006033940887440411,0.00012701631928044386,64,0.2630940493100632,0.2630940493100632,False,199,200,1916.95,13.762,17.208,False,0,589,65,1248,126,cuda,738d5ad04640caa47b73607976e9f01d1a4d38c5,be5e5cfd5c3a5ad7fed3ee841c8a308292adefdd6b2fca909c377db1ae6d3713,2026-10-09T05:44:40+00:00
v2_S_a654,12,COMPLETE,128,4,0.02479257982066292,128,set2set,0.0006795257701846447,0.00013021565851169877,64,0.29535867296017326,0.29535867296017326,False,142,173,1658.14,13.762,17.208,False,0,589,65,1248,126,cuda,738d5ad04640caa47b73607976e9f01d1a4d38c5,be5e5cfd5c3a5ad7fed3ee841c8a308292adefdd6b2fca909c377db1ae6d3713,2026-10-09T06:13:47+00:00
v2_S_a654,13,COMPLETE,128,4,0.09878544718266989,128,set2set,0.0003143769492857535,1.5244106511533832e-05,16,0.34964014881012473,0.34964014881012473,False,123,154,2435.63,4.445,5.137,False,0,589,65,1248,126,cuda,738d5ad04640caa47b73607976e9f01d1a4d38c5,be5e5cfd5c3a5ad7fed3ee841c8a308292adefdd6b2fca909c377db1ae6d3713,2026-10-09T06:55:53+00:00
v2_S_a654,14,COMPLETE,128,4,0.24611693028120107,128,set2set,0.0006289563321306382,0.00035280232950793536,64,0.3531885836510237,0.3531885836510237,False,102,133,1272.57,13.762,17.208,False,0,589,65,1248,126,cuda,738d5ad04640caa47b73607976e9f01d1a4d38c5,be5e5cfd5c3a5ad7fed3ee841c8a308292adefdd6b2fca909c377db1ae6d3713,2026-10-09T07:18:27+00:00
v2_S_a654,15,COMPLETE,128,3,0.11253853428726955,128,set2set,0.0003584597227644172,7.210420379716709e-05,64,0.3865337524913257,0.3865337524913257,False,171,200,1463.87,10.526,13.163,False,0,589,65,1248,126,cuda,738d5ad04640caa47b73607976e9f01d1a4d38c5,be5e5cfd5c3a5ad7fed3ee841c8a308292adefdd6b2fca909c377db1ae6d3713,2026-10-09T07:44:11+00:00
v2_S_a654,16,COMPLETE,128,4,0.058288830732233836,128,set2set,0.0009865678163206817,1.0597985197677e-05,16,0.2698586096300408,0.2698586096300408,False,140,171,2713.64,4.445,5.137,False,0,589,65,1248,126,cuda,738d5ad04640caa47b73607976e9f01d1a4d38c5,be5e5cfd5c3a5ad7fed3ee841c8a308292adefdd6b2fca909c377db1ae6d3713,2026-10-09T08:30:48+00:00
v2_S_a654,17,COMPLETE,128,4,0.07746282712767098,128,set2set,0.0015276757514876347,8.724256948555133e-06,16,0.31711563017963124,0.31711563017963124,False,73,104,1650.08,4.445,5.137,False,0,589,65,1248,126,cuda,738d5ad04640caa47b73607976e9f01d1a4d38c5,be5e5cfd5c3a5ad7fed3ee841c8a308292adefdd6b2fca909c377db1ae6d3713,2026-10-09T08:59:38+00:00
v2_S_a654,18,COMPLETE,64,4,0.18731025004073495,128,set2set,0.00027058303513196393,1.368191958271065e-05,64,0.3928134526355191,0.3928134526355191,False,77,108,562.03,7.026,8.799,False,0,589,65,1248,126,cuda,738d5ad04640caa47b73607976e9f01d1a4d38c5,be5e5cfd5c3a5ad7fed3ee841c8a308292adefdd6b2fca909c377db1ae6d3713,2026-10-09T09:10:14+00:00
v2_S_a654,19,COMPLETE,128,4,0.09487784245655696,128,set2set,0.0009159102797069263,1.9003531358835612e-06,16,0.29603171047416327,0.29603171047416327,False,104,135,2148.28,4.445,5.137,False,0,589,65,1248,126,cuda,738d5ad04640caa47b73607976e9f01d1a4d38c5,be5e5cfd5c3a5ad7fed3ee841c8a308292adefdd6b2fca909c377db1ae6d3713,2026-10-09T09:47:18+00:00
v2_S_a654,20,COMPLETE,128,4,0.09208415763438674,128,set2set,0.0013435735857147285,4.3458398781493365e-05,16,0.26941556496143737,0.26941556496143737,False,126,157,2488.45,4.445,5.137,False,0,589,65,1248,126,cuda,738d5ad04640caa47b73607976e9f01d1a4d38c5,be5e5cfd5c3a5ad7fed3ee841c8a308292adefdd6b2fca909c377db1ae6d3713,2026-10-09T10:30:07+00:00
v2_S_a654,21,COMPLETE,128,4,0.0383651148575902,128,set2set,0.0018757851395250257,3.631787183401312e-05,64,0.26968302248369275,0.26968302248369275,False,194,200,1914.45,13.762,17.208,False,0,589,65,1248,126,cuda,738d5ad04640caa47b73607976e9f01d1a4d38c5,be5e5cfd5c3a5ad7fed3ee841c8a308292adefdd6b2fca909c377db1ae6d3713,2026-10-09T11:03:31+00:00
v2_S_a654,22,COMPLETE,128,4,0.09183748958173221,128,set2set,0.0021581205382513566,0.00013463935018627677,16,0.3657397040701784,0.3657397040701784,False,57,88,1396.38,4.316,5.137,False,0,589,65,1248,126,cuda,738d5ad04640caa47b73607976e9f01d1a4d38c5,be5e5cfd5c3a5ad7fed3ee841c8a308292adefdd6b2fca909c377db1ae6d3713,2026-10-09T11:28:09+00:00
v2_S_a654,23,COMPLETE,128,4,0.0539364883453852,128,mean,0.0021602626642494424,2.8806450457617894e-05,64,0.2802208404701398,0.2802208404701398,False,94,125,1185.28,13.76,17.208,False,0,589,65,1248,126,cuda,738d5ad04640caa47b73607976e9f01d1a4d38c5,be5e5cfd5c3a5ad7fed3ee841c8a308292adefdd6b2fca909c377db1ae6d3713,2026-10-09T11:49:09+00:00
v2_S_a654,24,COMPLETE,128,4,0.037791610477006354,128,set2set,0.0012705994866907763,3.3618125963554145e-05,32,0.2652682458659349,0.2652682458659349,False,161,192,2248.35,8.151,10.184,False,0,589,65,1248,126,cuda,738d5ad04640caa47b73607976e9f01d1a4d38c5,be5e5cfd5c3a5ad7fed3ee841c8a308292adefdd6b2fca909c377db1ae6d3713,2026-10-09T12:27:58+00:00
v2_S_a654,25,COMPLETE,128,4,0.0024212823533062908,128,set2set,0.0010095526334900496,4.617615362347463e-05,32,0.2837025188742754,0.2837025188742754,False,140,171,2007.41,8.151,10.184,False,0,589,65,1248,126,cuda,738d5ad04640caa47b73607976e9f01d1a4d38c5,be5e5cfd5c3a5ad7fed3ee841c8a308292adefdd6b2fca909c377db1ae6d3713,2026-10-09T13:02:46+00:00
v2_S_a654,26,COMPLETE,128,4,0.07632416995021911,128,set2set,0.0008707986290765413,4.180505805728625e-05,16,0.3084657202072839,0.3084657202072839,False,81,112,1775.33,4.445,5.137,False,0,589,65,1248,126,cuda,738d5ad04640caa47b73607976e9f01d1a4d38c5,be5e5cfd5c3a5ad7fed3ee841c8a308292adefdd6b2fca909c377db1ae6d3713,2026-10-09T13:33:59+00:00
v2_S_a654,27,COMPLETE,128,4,0.08412957357690798,64,set2set,0.0015344953749895503,2.462843442662709e-05,32,0.266429210524772,0.266429210524772,False,174,200,2344.12,8.15,10.184,False,0,589,65,1248,126,cuda,738d5ad04640caa47b73607976e9f01d1a4d38c5,be5e5cfd5c3a5ad7fed3ee841c8a308292adefdd6b2fca909c377db1ae6d3713,2026-10-09T14:14:27+00:00
v2_S_a654,28,COMPLETE,128,4,0.053408074579871095,128,set2set,0.0015282025629150284,0.0003846087261918104,32,0.3081652440410531,0.3081652440410531,False,69,100,1171.3,8.151,10.184,False,0,589,65,1248,126,cuda,738d5ad04640caa47b73607976e9f01d1a4d38c5,be5e5cfd5c3a5ad7fed3ee841c8a308292adefdd6b2fca909c377db1ae6d3713,2026-10-09T14:35:20+00:00
v2_S_a654,29,COMPLETE,64,4,0.08037202983352246,128,set2set,0.0012267258054428172,0.00014751026782674242,64,0.34375477654233305,0.34375477654233305,False,86,117,612.78,7.026,8.799,False,0,589,65,1248,126,cuda,738d5ad04640caa47b73607976e9f01d1a4d38c5,be5e5cfd5c3a5ad7fed3ee841c8a308292adefdd6b2fca909c377db1ae6d3713,2026-10-09T14:46:53+00:00
v2_S_a654,30,COMPLETE,128,4,0.13720731536426936,64,set2set,0.0007944739946874859,1.649166804643293e-05,64,0.29242844456160033,0.29242844456160033,False,133,164,1579.73,13.761,17.208,False,0,589,65,1248,126,cuda,738d5ad04640caa47b73607976e9f01d1a4d38c5,be5e5cfd5c3a5ad7fed3ee841c8a308292adefdd6b2fca909c377db1ae6d3713,2026-10-09T15:14:34+00:00
