host_id,formula,oxidation_method,cation_states,cation_d_counts,bin,reason
mp-1018031,KInO2,bvanalyzer,In:+3;K:+1,In:10;K:0,d10,
mp-1019558,BaSr2Mg(SiO4)2,bvanalyzer,Ba:+2;Mg:+2;Si:+4;Sr:+2,Ba:0;Mg:0;Si:0;Sr:0,d0,
mp-1020633,RbMgBO3,bvanalyzer,B:+3;Mg:+2;Rb:+1,B:0;Mg:0;Rb:0,d0,
mp-10299,Ca4PdO6,bvanalyzer,Ca:+2;Pd:+4,Ca:0;Pd:6,other,
mp-10392,Sr3CdPtO6,oxi_state_guesses,Cd:+2;Pt:+4;Sr:+2,Cd:10;Pt:6;Sr:0,other,
mp-10417,KSbO2,bvanalyzer,K:+1;Sb:+3,K:0;Sb:10,d10,
mp-10418,RbSbO2,bvanalyzer,Rb:+1;Sb:+3,Rb:0;Sb:10,d10,
mp-10461,NaSr3SbO6,bvanalyzer,Na:+1;Sb:+5;Sr:+2,Na:0;Sb:10;Sr:0,d10,
mp-10547,RbAuO,unassigned,,,unassigned,BVAnalyzer and oxi_state_guesses both failed
mp-1078295,NaNbO3,bvanalyzer,Na:+1;Nb:+5,Na:0;Nb:0,d0,
mp-1078409,Ba2LaBiO6,bvanalyzer,Ba:+2;Bi:+5;La:+3,Ba:0;Bi:10;La:0,d10,
mp-1079050,LaAsO3,bvanalyzer,As:+3;La:+3,As:10;La:0,d10,
mp-10814,SrLiBO3,bvanalyzer,B:+3;Li:+1;Sr:+2,B:0;Li:0;Sr:0,d0,
mp-10942,KNaLaNbO5,bvanalyzer,K:+1;La:+3;Na:+1;Nb:+5,K:0;La:0;Na:0;Nb:0,d0,
mp-1095378,AsAuO4,oxi_state_guesses,As:+5;Au:+3,As:10;Au:8,other,
mp-1096838,Ba(AgO)2,bvanalyzer,Ag:+1;Ba:+2,Ag:10;Ba:0,d10,
mp-1096933,CsAgO2,bvanalyzer,Ag:+3;Cs:+1,Ag:8;Cs:0,other,
mp-11019,GaCuO2,bvanalyzer,Cu:+1;Ga:+3,Cu:10;Ga:10,d10,
mp-11022,ScAgO2,bvanalyzer,Ag:+1;Sc:+3,Ag:10;Sc:0,d10,
mp-1102943,Ba2Cd(BO3)2,bvanalyzer,B:+3;Ba:+2;Cd:+2,B:0;Ba:0;Cd:10,d10,
mp-1104307,La3SbO3,bvanalyzer,La:+3,La:0,d0,
mp-1104363,K3ScV2O8,bvanalyzer,K:+1;Sc:+3;V:+5,K:0;Sc:0;V:0,d0,
mp-1105143,NaIn(GeO3)2,bvanalyzer,Ge:+4;In:+3;Na:+1,Ge:10;In:10;Na:0,d10,
mp-1105217,BaLa2PdO5,bvanalyzer,Ba:+2;La:+3;Pd:+2,Ba:0;La:0;Pd:8,other,
mp-1105233,Ba(AsO3)2,bvanalyzer,As:+5;Ba:+2,As:10;Ba:0,d10,
mp-1105247,Sr2CaWO6,bvanalyzer,Ca:+2;Sr:+2;W:+6,Ca:0;Sr:0;W:0,d0,
mp-1105495,BaHf(BO3)2,bvanalyzer,B:+3;Ba:+2;Hf:+4,B:0;Ba:0;Hf:0,d0,
mp-1106089,Ba2InGaO5,bvanalyzer,Ba:+2;Ga:+3;In:+3,Ba:0;Ga:10;In:10,d10,
mp-1106218,Sr2ScSbO6,bvanalyzer,Sb:+5;Sc:+3;Sr:+2,Sb:10;Sc:0;Sr:0,d10,
mp-1143,Al2O3,bvanalyzer,Al:+3,Al:0,d0,
mp-11715,MgSn(BO3)2,bvanalyzer,B:+3;Mg:+2;Sn:+4,B:0;Mg:0;Sn:10,d10,
mp-1178391,CsLiWO4,bvanalyzer,Cs:+1;Li:+1;W:+6,Cs:0;Li:0;W:0,d0,
mp-1178450,Cs6Ge2O7,bvanalyzer,Cs:+1;Ge:+4,Cs:0;Ge:10,d10,
mp-1178815,VAgO3,bvanalyzer,Ag:+1;V:+5,Ag:10;V:0,d10,
mp-1182298,BaNaSc(BO3)2,bvanalyzer,B:+3;Ba:+2;Na:+1;Sc:+3,B:0;Ba:0;Na:0;Sc:0,d0,
mp-1186878,Ta2Mo2O11,bvanalyzer,Mo:+6;Ta:+5,Mo:0;Ta:0,d0,
mp-1189102,Sr2LaSbO6,bvanalyzer,La:+3;Sb:+5;Sr:+2,La:0;Sb:10;Sr:0,d10,
mp-1189528,Ca2ScSbO6,bvanalyzer,Ca:+2;Sb:+5;Sc:+3,Ca:0;Sb:10;Sc:0,d10,
mp-1190024,Ba3NaSbO6,bvanalyzer,Ba:+2;Na:+1;Sb:+5,Ba:0;Na:0;Sb:10,d10,
mp-1190108,Sr2TaInO6,bvanalyzer,In:+3;Sr:+2;Ta:+5,In:10;Sr:0;Ta:0,d10,
mp-1190151,Sr3LiSbO6,bvanalyzer,Li:+1;Sb:+5;Sr:+2,Li:0;Sb:10;Sr:0,d10,
mp-1190195,LiIn(WO4)2,bvanalyzer,In:+3;Li:+1;W:+6,In:10;Li:0;W:0,d10,
mp-1190427,LaSbO4,bvanalyzer,La:+3;Sb:+5,La:0;Sb:10,d10,
mp-1190486,Sr3LiTaO6,bvanalyzer,Li:+1;Sr:+2;Ta:+5,Li:0;Sr:0;Ta:0,d0,
mp-1190545,Ba2MgGe2O7,bvanalyzer,Ba:+2;Ge:+4;Mg:+2,Ba:0;Ge:10;Mg:0,d10,
mp-1190588,Ba2Cd(BO2)6,bvanalyzer,B:+3;Ba:+2;Cd:+2,B:0;Ba:0;Cd:10,d10,
mp-1190949,Ba2ZnGe2O7,bvanalyzer,Ba:+2;Ge:+4;Zn:+2,Ba:0;Ge:10;Zn:10,d10,
mp-1191085,LiY(WO4)2,bvanalyzer,Li:+1;W:+6;Y:+3,Li:0;W:0;Y:0,d0,
mp-1191101,KMgBO3,bvanalyzer,B:+3;K:+1;Mg:+2,B:0;K:0;Mg:0,d0,
mp-1191141,SrLi2SiO4,bvanalyzer,Li:+1;Si:+4;Sr:+2,Li:0;Si:0;Sr:0,d0,
mp-1191189,Cd2Sb2O7,bvanalyzer,Cd:+2;Sb:+5,Cd:10;Sb:10,d10,
mp-1191240,Sr2ZnSi2O7,bvanalyzer,Si:+4;Sr:+2;Zn:+2,Si:0;Sr:0;Zn:10,d10,
mp-1191513,Na3Sc(BO3)2,bvanalyzer,B:+3;Na:+1;Sc:+3,B:0;Na:0;Sc:0,d0,
mp-1191636,CsCdBO3,bvanalyzer,B:+3;Cd:+2;Cs:+1,B:0;Cd:10;Cs:0,d10,
mp-1192417,BaGePbO4,bvanalyzer,Ba:+2;Ge:+4;Pb:+2,Ba:0;Ge:10;Pb:10,d10,
mp-1192743,SrGePbO4,bvanalyzer,Ge:+4;Pb:+2;Sr:+2,Ge:10;Pb:10;Sr:0,d10,
mp-1192933,CsAlSiO4,bvanalyzer,Al:+3;Cs:+1;Si:+4,Al:0;Cs:0;Si:0,d0,
mp-1193109,NaCaAsO4,bvanalyzer,As:+5;Ca:+2;Na:+1,As:10;Ca:0;Na:0,d10,
mp-1193166,Ba4Nb2O9,bvanalyzer,Ba:+2;Nb:+5,Ba:0;Nb:0,d0,
mp-1194160,BaHf(SiO3)3,bvanalyzer,Ba:+2;Hf:+4;Si:+4,Ba:0;Hf:0;Si:0,d0,
mp-1205877,CsTlO,bvanalyzer,Cs:+1;Tl:+1,Cs:0;Tl:10,d10,
mp-1206230,RbTlO,bvanalyzer,Rb:+1;Tl:+1,Rb:0;Tl:10,d10,
mp-1206880,Li2HgO2,bvanalyzer,Hg:+2;Li:+1,Hg:10;Li:0,d10,
mp-1207646,YTl(WO4)2,bvanalyzer,Tl:+1;W:+6;Y:+3,Tl:10;W:0;Y:0,d10,
mp-1207861,VCd2BiO6,bvanalyzer,Bi:+3;Cd:+2;V:+5,Bi:10;Cd:10;V:0,d10,
mp-1208033,TlPt3O4,oxi_state_guesses,Pt:+2.33333;Tl:+1,Pt:7.66667;Tl:10,other,
mp-1208096,TlBi(WO4)2,bvanalyzer,Bi:+3;Tl:+1;W:+6,Bi:10;Tl:10;W:0,d10,
mp-1208776,Sr2ScTaO6,bvanalyzer,Sc:+3;Sr:+2;Ta:+5,Sc:0;Sr:0;Ta:0,d0,
mp-1208777,Sr3NbGa3(SiO7)2,bvanalyzer,Ga:+3;Nb:+5;Si:+4;Sr:+2,Ga:10;Nb:0;Si:0;Sr:0,d10,
mp-1209097,RbTa(BO3)2,bvanalyzer,B:+3;Rb:+1;Ta:+5,B:0;Rb:0;Ta:0,d0,
mp-1209133,RbY(WO4)2,bvanalyzer,Rb:+1;W:+6;Y:+3,Rb:0;W:0;Y:0,d0,
mp-1209180,RbSc(MoO4)2,bvanalyzer,Mo:+6;Rb:+1;Sc:+3,Mo:0;Rb:0;Sc:0,d0,
mp-1209239,RbSc(WO4)2,bvanalyzer,Rb:+1;Sc:+3;W:+6,Rb:0;Sc:0;W:0,d0,
mp-1209248,RbAl(MoO4)2,bvanalyzer,Al:+3;Mo:+6;Rb:+1,Al:0;Mo:0;Rb:0,d0,
mp-1209350,Rb3YV2O8,bvanalyzer,Rb:+1;V:+5;Y:+3,Rb:0;V:0;Y:0,d0,
mp-1209478,Rb2Li3GaO4,bvanalyzer,Ga:+3;Li:+1;Rb:+1,Ga:10;Li:0;Rb:0,d10,
mp-1209489,Rb2Pb2O3,bvanalyzer,Pb:+2;Rb:+1,Pb:10;Rb:0,d10,
mp-1210092,NaBi(MoO4)2,bvanalyzer,Bi:+3;Mo:+6;Na:+1,Bi:10;Mo:0;Na:0,d10,
mp-1210161,NaSc(WO4)2,bvanalyzer,Na:+1;Sc:+3;W:+6,Na:0;Sc:0;W:0,d0,
mp-1210286,Na2ReO3,bvanalyzer,Na:+1;Re:+4,Na:0;Re:3,other,
mp-1210368,Na2PbO3,bvanalyzer,Na:+1;Pb:+4,Na:0;Pb:10,d10,
mp-1210431,Na2MgGeO4,bvanalyzer,Ge:+4;Mg:+2;Na:+1,Ge:10;Mg:0;Na:0,d10,
mp-1210656,MgZn2(AsO4)2,bvanalyzer,As:+5;Mg:+2;Zn:+2,As:10;Mg:0;Zn:10,d10,
mp-1210797,Li2MgGeO4,bvanalyzer,Ge:+4;Li:+1;Mg:+2,Ge:10;Li:0;Mg:0,d10,
mp-1211126,LiSc(WO4)2,bvanalyzer,Li:+1;Sc:+3;W:+6,Li:0;Sc:0;W:0,d0,
mp-1211258,La3TiGa5O14,bvanalyzer,Ga:+3;La:+3;Ti:+4,Ga:10;La:0;Ti:0,d10,
mp-1211281,La3HfGa5O14,bvanalyzer,Ga:+3;Hf:+4;La:+3,Ga:10;Hf:0;La:0,d10,
mp-1211443,KLa(MoO4)2,bvanalyzer,K:+1;La:+3;Mo:+6,K:0;La:0;Mo:0,d0,
mp-1211497,KSc(WO4)2,bvanalyzer,K:+1;Sc:+3;W:+6,K:0;Sc:0;W:0,d0,
mp-1211624,K4ZrO4,bvanalyzer,K:+1;Zr:+4,K:0;Zr:0,d0,
mp-1211649,K4HfO4,bvanalyzer,Hf:+4;K:+1,Hf:0;K:0,d0,
mp-1213157,CsSc(WO4)2,bvanalyzer,Cs:+1;Sc:+3;W:+6,Cs:0;Sc:0;W:0,d0,
mp-1213173,CsLa(WO4)2,bvanalyzer,Cs:+1;La:+3;W:+6,Cs:0;La:0;W:0,d0,
mp-1213231,CsY(MoO4)2,bvanalyzer,Cs:+1;Mo:+6;Y:+3,Cs:0;Mo:0;Y:0,d0,
mp-1213335,CsY(WO4)2,bvanalyzer,Cs:+1;W:+6;Y:+3,Cs:0;W:0;Y:0,d0,
mp-1213697,CsBi(MoO4)2,bvanalyzer,Bi:+3;Cs:+1;Mo:+6,Bi:10;Cs:0;Mo:0,d10,
mp-1213706,Cs2Pb2O3,bvanalyzer,Cs:+1;Pb:+2,Cs:0;Pb:10,d10,
mp-1213894,CaYBO4,bvanalyzer,B:+3;Ca:+2;Y:+3,B:0;Ca:0;Y:0,d0,
mp-1213950,CaAgAsO4,bvanalyzer,Ag:+1;As:+5;Ca:+2,Ag:10;As:10;Ca:0,d10,
mp-1214081,Ca2ScTaO6,bvanalyzer,Ca:+2;Sc:+3;Ta:+5,Ca:0;Sc:0;Ta:0,d0,
mp-1214228,BaZr(SiO3)3,bvanalyzer,Ba:+2;Si:+4;Zr:+4,Ba:0;Si:0;Zr:0,d0,
mp-1214314,BaTi(AsO4)2,bvanalyzer,As:+5;Ba:+2;Ti:+4,As:10;Ba:0;Ti:0,d10,
mp-1214475,Ba3Ta2ZnO9,bvanalyzer,Ba:+2;Ta:+5;Zn:+2,Ba:0;Ta:0;Zn:10,d10,
mp-1214487,Ba3ZnSb2O9,bvanalyzer,Ba:+2;Sb:+5;Zn:+2,Ba:0;Sb:10;Zn:10,d10,
mp-1214502,Ba3Nb2CdO9,bvanalyzer,Ba:+2;Cd:+2;Nb:+5,Ba:0;Cd:10;Nb:0,d10,
mp-1214739,Ba2CdGe2O7,bvanalyzer,Ba:+2;Cd:+2;Ge:+4,Ba:0;Cd:10;Ge:10,d10,
mp-1216423,VAg3HgO4,bvanalyzer,Ag:+1;Hg:+1;V:+4,Ag:10;Hg:10;V:1,other,
mp-1216623,TlSbWO6,bvanalyzer,Sb:+5;Tl:+1;W:+6,Sb:10;Tl:10;W:0,d10,
mp-1217830,TaTlWO6,bvanalyzer,Ta:+5;Tl:+1;W:+6,Ta:0;Tl:10;W:0,d10,
mp-1218099,Ta6TiTl2O18,bvanalyzer,Ta:+5;Ti:+4;Tl:+1,Ta:0;Ti:0;Tl:10,d10,
mp-1218484,SrAl2(SiO4)2,bvanalyzer,Al:+3;Si:+4;Sr:+2,Al:0;Si:0;Sr:0,d0,
mp-1219559,RbNaCd3O4,bvanalyzer,Cd:+2;Na:+1;Rb:+1,Cd:10;Na:0;Rb:0,d10,
mp-1219606,RbSbMoO6,bvanalyzer,Mo:+6;Rb:+1;Sb:+5,Mo:0;Rb:0;Sb:10,d10,
mp-1220757,NaLa(MoO4)2,bvanalyzer,La:+3;Mo:+6;Na:+1,La:0;Mo:0;Na:0,d0,
mp-1221048,NaLiV2O6,bvanalyzer,Li:+1;Na:+1;V:+5,Li:0;Na:0;V:0,d0,
mp-1222442,Li5AuO4,oxi_state_guesses,Au:+3;Li:+1,Au:8;Li:0,other,
mp-1222719,LaTiSbO6,bvanalyzer,La:+3;Sb:+5;Ti:+4,La:0;Sb:10;Ti:0,d10,
mp-1223347,KSbWO6,bvanalyzer,K:+1;Sb:+5;W:+6,K:0;Sb:10;W:0,d10,
mp-1223458,KBaY(BO3)2,bvanalyzer,B:+3;Ba:+2;K:+1;Y:+3,B:0;Ba:0;K:0;Y:0,d0,
mp-1223469,KLiZn3O4,bvanalyzer,K:+1;Li:+1;Zn:+2,K:0;Li:0;Zn:10,d10,
mp-1224,HgO,bvanalyzer,Hg:+2,Hg:10,d10,
mp-1227323,CaAl2(SiO4)2,bvanalyzer,Al:+3;Ca:+2;Si:+4,Al:0;Ca:0;Si:0,d0,
mp-1227475,BeTlAsO4,bvanalyzer,As:+5;Be:+2;Tl:+1,As:10;Be:0;Tl:10,d10,
mp-1228058,Ba3MgTaNbO9,bvanalyzer,Ba:+2;Mg:+2;Nb:+5;Ta:+5,Ba:0;Mg:0;Nb:0;Ta:0,d0,
mp-1228067,Ba2ZrSnO6,bvanalyzer,Ba:+2;Sn:+4;Zr:+4,Ba:0;Sn:10;Zr:0,d10,
mp-1228129,Ba4InSbO8,bvanalyzer,Ba:+2;In:+3;Sb:+5,Ba:0;In:10;Sb:10,d10,
mp-1228141,Ba3CaTa2O9,bvanalyzer,Ba:+2;Ca:+2;Ta:+5,Ba:0;Ca:0;Ta:0,d0,
mp-1228350,Ba2ScCuO4,bvanalyzer,Ba:+2;Cu:+1;Sc:+3,Ba:0;Cu:10;Sc:0,d10,
mp-1228360,Ba2InCuO4,bvanalyzer,Ba:+2;Cu:+1;In:+3,Ba:0;Cu:10;In:10,d10,
mp-12385,Ba2YTaO6,bvanalyzer,Ba:+2;Ta:+5;Y:+3,Ba:0;Ta:0;Y:0,d0,
mp-12427,Sr2TaGaO6,bvanalyzer,Ga:+3;Sr:+2;Ta:+5,Ga:10;Sr:0;Ta:0,d10,
mp-12533,La2Hf2O7,bvanalyzer,Hf:+4;La:+3,Hf:0;La:0,d0,
mp-1265,MgO,bvanalyzer,Mg:+2,Mg:0,d0,
mp-12797,BaBe2Si2O7,bvanalyzer,Ba:+2;Be:+2;Si:+4,Ba:0;Be:0;Si:0,d0,
mp-12878,Sr2YSbO6,bvanalyzer,Sb:+5;Sr:+2;Y:+3,Sb:10;Sr:0;Y:0,d10,
mp-12881,Ba3NbGa3(SiO7)2,bvanalyzer,Ba:+2;Ga:+3;Nb:+5;Si:+4,Ba:0;Ga:10;Nb:0;Si:0,d10,
mp-12885,BaAl2Sb2O7,bvanalyzer,Al:+3;Ba:+2;Sb:+3,Al:0;Ba:0;Sb:10,d10,
mp-13019,NaLa2TaO6,bvanalyzer,La:+3;Na:+1;Ta:+5,La:0;Na:0;Ta:0,d0,
mp-13042,NaSr3TaO6,bvanalyzer,Na:+1;Sr:+2;Ta:+5,Na:0;Sr:0;Ta:0,d0,
mp-13055,Ba2LaTaO6,bvanalyzer,Ba:+2;La:+3;Ta:+5,Ba:0;La:0;Ta:0,d0,
mp-13133,K2TiO3,bvanalyzer,K:+1;Ti:+4,K:0;Ti:0,d0,
mp-13252,SnB4O7,bvanalyzer,B:+3;Sn:+2,B:0;Sn:10,d10,
mp-1346,B6O,unassigned,,,unassigned,BVAnalyzer and oxi_state_guesses both failed
mp-13541,Sr2Mg(BO3)2,bvanalyzer,B:+3;Mg:+2;Sr:+2,B:0;Mg:0;Sr:0,d0,
mp-13641,TiCdO3,bvanalyzer,Cd:+2;Ti:+4,Cd:10;Ti:0,d10,
mp-13743,K3GaO3,bvanalyzer,Ga:+3;K:+1,Ga:10;K:0,d10,
mp-13744,Rb3GaO3,bvanalyzer,Ga:+3;Rb:+1,Ga:10;Rb:0,d10,
mp-13801,Tl2Pt2O7,oxi_state_guesses,Pt:+4;Tl:+3,Pt:6;Tl:10,other,
mp-13820,Cd3SiO5,bvanalyzer,Cd:+2;Si:+4,Cd:10;Si:0,d10,
mp-13863,BaGeO3,bvanalyzer,Ba:+2;Ge:+4,Ba:0;Ge:10,d10,
mp-13900,Sr(CuO)2,bvanalyzer,Cu:+1;Sr:+2,Cu:10;Sr:0,d10,
mp-13995,Hg2GeO4,bvanalyzer,Ge:+4;Hg:+2,Ge:10;Hg:10,d10,
mp-14324,K2Na4Be2O5,bvanalyzer,Be:+2;K:+1;Na:+1,Be:0;K:0;Na:0,d0,
mp-14333,TaAlO4,bvanalyzer,Al:+3;Ta:+5,Al:0;Ta:0,d0,
mp-14363,Rb2LiAsO4,bvanalyzer,As:+5;Li:+1;Rb:+1,As:10;Li:0;Rb:0,d10,
mp-14364,Cs2LiAsO4,bvanalyzer,As:+5;Cs:+1;Li:+1,As:10;Cs:0;Li:0,d10,
mp-14398,CaSn(BO3)2,bvanalyzer,B:+3;Ca:+2;Sn:+4,B:0;Ca:0;Sn:10,d10,
mp-14437,RbYO2,bvanalyzer,Rb:+1;Y:+3,Rb:0;Y:0,d0,
mp-14495,Li6ZnO4,bvanalyzer,Li:+1;Zn:+2,Li:0;Zn:10,d10,
mp-14726,Na4TiO4,bvanalyzer,Na:+1;Ti:+4,Na:0;Ti:0,d0,
mp-14951,Rb3AlO3,bvanalyzer,Al:+3;Rb:+1,Al:0;Rb:0,d0,
mp-1518084,Sr2LaBiO6,bvanalyzer,Bi:+5;La:+3;Sr:+2,Bi:10;La:0;Sr:0,d10,
mp-15349,Li2GeO3,bvanalyzer,Ge:+4;Li:+1,Ge:10;Li:0,d10,
mp-1539317,Ta2O5,bvanalyzer,Ta:+5,Ta:0,d0,
mp-1540016,Ca(AgO2)2,bvanalyzer,Ag:+3;Ca:+2,Ag:8;Ca:0,other,
mp-1541458,Mg(ReO4)2,bvanalyzer,Mg:+2;Re:+7,Mg:0;Re:0,d0,
mp-1541753,Rb2MgO2,bvanalyzer,Mg:+2;Rb:+1,Mg:0;Rb:0,d0,
mp-15573,Tl3AsO4,bvanalyzer,As:+5;Tl:+1,As:10;Tl:10,d10,
mp-15733,CaTaAlO5,bvanalyzer,Al:+3;Ca:+2;Ta:+5,Al:0;Ca:0;Ta:0,d0,
mp-15743,Sr2CeO4,bvanalyzer,Ce:+4;Sr:+2,Ce:0;Sr:0,d0,
mp-1581,As2O3,bvanalyzer,As:+3,As:10,d10,
mp-16136,Sr3TaGa3(SiO7)2,bvanalyzer,Ga:+3;Si:+4;Sr:+2;Ta:+5,Ga:10;Si:0;Sr:0;Ta:0,d10,
mp-16280,Ca2Sb2O7,bvanalyzer,Ca:+2;Sb:+5,Ca:0;Sb:10,d10,
mp-16432,Sr3(BO3)2,bvanalyzer,B:+3;Sr:+2,B:0;Sr:0,d0,
mp-16737,Na2BeB2O5,bvanalyzer,B:+3;Be:+2;Na:+1,B:0;Be:0;Na:0,d0,
mp-16805,Cs2Ti(GeO3)3,bvanalyzer,Cs:+1;Ge:+4;Ti:+4,Cs:0;Ge:10;Ti:0,d10,
mp-16834,Zn3(AsO4)2,bvanalyzer,As:+5;Zn:+2,As:10;Zn:10,d10,
mp-16871,K2ZrGe2O7,bvanalyzer,Ge:+4;K:+1;Zr:+4,Ge:10;K:0;Zr:0,d10,
mp-16978,Ba3MgSb2O9,bvanalyzer,Ba:+2;Mg:+2;Sb:+5,Ba:0;Mg:0;Sb:10,d10,
mp-17020,TiTl2(GeO3)3,bvanalyzer,Ge:+4;Ti:+4;Tl:+1,Ge:10;Ti:0;Tl:10,d10,
mp-17037,Rb2Ti(SiO3)3,bvanalyzer,Rb:+1;Si:+4;Ti:+4,Rb:0;Si:0;Ti:0,d0,
mp-17071,Rb2CrO4,bvanalyzer,Cr:+6;Rb:+1,Cr:0;Rb:0,d0,
mp-17161,K6CdO4,bvanalyzer,Cd:+2;K:+1,Cd:10;K:0,d10,
mp-17250,K3SbO3,bvanalyzer,K:+1;Sb:+3,K:0;Sb:10,d10,
mp-17380,Ba2Ca(PdO2)3,bvanalyzer,Ba:+2;Ca:+2;Pd:+2,Ba:0;Ca:0;Pd:8,other,
mp-17382,Rb2Si3SnO9,bvanalyzer,Rb:+1;Si:+4;Sn:+4,Rb:0;Si:0;Sn:10,d10,
mp-17392,Sr2ZnGe2O7,bvanalyzer,Ge:+4;Sr:+2;Zn:+2,Ge:10;Sr:0;Zn:10,d10,
mp-17394,NaYGeO4,bvanalyzer,Ge:+4;Na:+1;Y:+3,Ge:10;Na:0;Y:0,d10,
mp-17458,V2Zn2O7,bvanalyzer,V:+5;Zn:+2,V:0;Zn:10,d10,
mp-17481,Mg4Ta2O9,bvanalyzer,Mg:+2;Ta:+5,Mg:0;Ta:0,d0,
mp-17612,Ba2SiO4,bvanalyzer,Ba:+2;Si:+4,Ba:0;Si:0,d0,
mp-17621,CsReO4,bvanalyzer,Cs:+1;Re:+7,Cs:0;Re:0,d0,
mp-17708,Ge3Sb2O9,bvanalyzer,Ge:+4;Sb:+3,Ge:10;Sb:10,d10,
mp-17730,K2SnO3,bvanalyzer,K:+1;Sn:+4,K:0;Sn:10,d10,
mp-17785,KNa2GaO3,bvanalyzer,Ga:+3;K:+1;Na:+1,Ga:10;K:0;Na:0,d10,
mp-17841,Mg4Nb2O9,bvanalyzer,Mg:+2;Nb:+5,Mg:0;Nb:0,d0,
mp-17854,LiInGeO4,bvanalyzer,Ge:+4;In:+3;Li:+1,Ge:10;In:10;Li:0,d10,
mp-17891,NaYSiO4,bvanalyzer,Na:+1;Si:+4;Y:+3,Na:0;Si:0;Y:0,d0,
mp-17911,Ba2ZnO3,bvanalyzer,Ba:+2;Zn:+2,Ba:0;Zn:10,d10,
mp-17914,CaGa4O7,bvanalyzer,Ca:+2;Ga:+3,Ca:0;Ga:10,d10,
mp-17986,TiTl2O3,bvanalyzer,Ti:+4;Tl:+1,Ti:0;Tl:10,d10,
mp-18160,Cs2SrV4O12,bvanalyzer,Cs:+1;Sr:+2;V:+5,Cs:0;Sr:0;V:0,d0,
mp-18253,SrGa4O7,bvanalyzer,Ga:+3;Sr:+2,Ga:10;Sr:0,d10,
mp-18315,Cs6Si2O7,bvanalyzer,Cs:+1;Si:+4,Cs:0;Si:0,d0,
mp-18422,RbLiZn2O3,bvanalyzer,Li:+1;Rb:+1;Zn:+2,Li:0;Rb:0;Zn:10,d10,
mp-18449,K2ZrO3,bvanalyzer,K:+1;Zr:+4,K:0;Zr:0,d0,
mp-18473,RbLa(MoO4)2,bvanalyzer,La:+3;Mo:+6;Rb:+1,La:0;Mo:0;Rb:0,d0,
mp-18480,Na3Ca2TaO6,bvanalyzer,Ca:+2;Na:+1;Ta:+5,Ca:0;Na:0;Ta:0,d0,
mp-18483,Rb6Si2O7,bvanalyzer,Rb:+1;Si:+4,Rb:0;Si:0,d0,
mp-18502,BaSi3SnO9,bvanalyzer,Ba:+2;Si:+4;Sn:+4,Ba:0;Si:0;Sn:10,d10,
mp-18510,Sr2SiO4,bvanalyzer,Si:+4;Sr:+2,Si:0;Sr:0,d0,
mp-18733,AlTl(MoO4)2,bvanalyzer,Al:+3;Mo:+6;Tl:+1,Al:0;Mo:0;Tl:10,d10,
mp-18740,V2Cd2O7,bvanalyzer,Cd:+2;V:+5,Cd:10;V:0,d10,
mp-18741,RbLiCrO4,bvanalyzer,Cr:+6;Li:+1;Rb:+1,Cr:0;Li:0;Rb:0,d0,
mp-18779,Na2CrO4,bvanalyzer,Cr:+6;Na:+1,Cr:0;Na:0,d0,
mp-18780,K2WO4,bvanalyzer,K:+1;W:+6,K:0;W:0,d0,
mp-18781,CrCdO4,bvanalyzer,Cd:+2;Cr:+6,Cd:10;Cr:0,d10,
mp-18803,Na2WO4,bvanalyzer,Na:+1;W:+6,Na:0;W:0,d0,
mp-18815,KVO3,bvanalyzer,K:+1;V:+5,K:0;V:0,d0,
mp-18834,SrMoO4,bvanalyzer,Mo:+6;Sr:+2,Mo:0;Sr:0,d0,
mp-18852,Na2MoO4,bvanalyzer,Mo:+6;Na:+1,Mo:0;Na:0,d0,
mp-18853,TlV2AgO6,bvanalyzer,Ag:+1;Tl:+1;V:+5,Ag:10;Tl:10;V:0,d10,
mp-18864,Rb2WO4,bvanalyzer,Rb:+1;W:+6,Rb:0;W:0,d0,
mp-18875,MgWO4,bvanalyzer,Mg:+2;W:+6,Mg:0;W:0,d0,
mp-18914,K2MoO4,bvanalyzer,K:+1;Mo:+6,K:0;Mo:0,d0,
mp-18918,ZnWO4,bvanalyzer,W:+6;Zn:+2,W:0;Zn:10,d10,
mp-18964,K3NaCr2O8,bvanalyzer,Cr:+6;K:+1;Na:+1,Cr:0;K:0;Na:0,d0,
mp-19005,Y6WO12,bvanalyzer,W:+6;Y:+3,W:0;Y:0,d0,
mp-19014,Sr2CdWO6,bvanalyzer,Cd:+2;Sr:+2;W:+6,Cd:10;Sr:0;W:0,d10,
mp-19031,RbVO3,bvanalyzer,Rb:+1;V:+5,Rb:0;V:0,d0,
mp-19034,Mg3V2O8,bvanalyzer,Mg:+2;V:+5,Mg:0;V:0,d0,
mp-19037,K2W2O7,bvanalyzer,K:+1;W:+6,K:0;W:0,d0,
mp-19048,BaWO4,bvanalyzer,Ba:+2;W:+6,Ba:0;W:0,d0,
mp-19083,NaVO3,bvanalyzer,Na:+1;V:+5,Na:0;V:0,d0,
mp-19123,Rb2LiVO4,bvanalyzer,Li:+1;Rb:+1;V:+5,Li:0;Rb:0;V:0,d0,
mp-19133,YVO4,bvanalyzer,V:+5;Y:+3,V:0;Y:0,d0,
mp-19162,LaVO4,bvanalyzer,La:+3;V:+5,La:0;V:0,d0,
mp-19163,SrWO4,bvanalyzer,Sr:+2;W:+6,Sr:0;W:0,d0,
mp-19212,Rb2MoO4,bvanalyzer,Mo:+6;Rb:+1,Mo:0;Rb:0,d0,
mp-19219,Li3VO4,bvanalyzer,Li:+1;V:+5,Li:0;V:0,d0,
mp-19232,K2CrO4,bvanalyzer,Cr:+6;K:+1,Cr:0;K:0,d0,
mp-19260,Li2WO4,bvanalyzer,Li:+1;W:+6,Li:0;W:0,d0,
mp-19276,BaMoO4,bvanalyzer,Ba:+2;Mo:+6,Ba:0;Mo:0,d0,
mp-19302,NaCaVO4,bvanalyzer,Ca:+2;Na:+1;V:+5,Ca:0;Na:0;V:0,d0,
mp-19324,Ca2MgWO6,bvanalyzer,Ca:+2;Mg:+2;W:+6,Ca:0;Mg:0;W:0,d0,
mp-19330,CaMoO4,bvanalyzer,Ca:+2;Mo:+6,Ca:0;Mo:0,d0,
mp-19363,HgMoO4,bvanalyzer,Hg:+2;Mo:+6,Hg:10;Mo:0,d10,
mp-19365,Ba3V2O8,bvanalyzer,Ba:+2;V:+5,Ba:0;V:0,d0,
mp-19387,CdWO4,bvanalyzer,Cd:+2;W:+6,Cd:10;W:0,d10,
mp-19426,CaWO4,bvanalyzer,Ca:+2;W:+6,Ca:0;W:0,d0,
mp-19432,KNaV2O6,bvanalyzer,K:+1;Na:+1;V:+5,K:0;Na:0;V:0,d0,
mp-19447,Cs2NaVO4,bvanalyzer,Cs:+1;Na:+1;V:+5,Cs:0;Na:0;V:0,d0,
mp-19449,NaVCdO4,bvanalyzer,Cd:+2;Na:+1;V:+5,Cd:10;Na:0;V:0,d10,
mp-19450,ScTl(MoO4)2,bvanalyzer,Mo:+6;Sc:+3;Tl:+1,Mo:0;Sc:0;Tl:10,d10,
mp-1960,Li2O,bvanalyzer,Li:+1,Li:0,d0,
mp-19926,La2Be2GeO7,bvanalyzer,Be:+2;Ge:+4;La:+3,Be:0;Ge:10;La:0,d10,
mp-19970,Li3CuO3,bvanalyzer,Cu:+3;Li:+1,Cu:8;Li:0,other,
mp-20015,As2PbO6,bvanalyzer,As:+5;Pb:+2,As:10;Pb:10,d10,
mp-20072,LaCuO2,bvanalyzer,Cu:+1;La:+3,Cu:10;La:0,d10,
mp-20088,Na4PbO4,bvanalyzer,Na:+1;Pb:+4,Na:0;Pb:10,d10,
mp-20222,Sr2NbInO6,bvanalyzer,In:+3;Nb:+5;Sr:+2,In:10;Nb:0;Sr:0,d10,
mp-20496,Ga2PbO4,bvanalyzer,Ga:+3;Pb:+2,Ga:10;Pb:10,d10,
mp-20546,Ba2In2O5,bvanalyzer,Ba:+2;In:+3,Ba:0;In:10,d10,
mp-20564,V2Pb3O8,bvanalyzer,Pb:+2;V:+5,Pb:10;V:0,d10,
mp-20678,NaIn(WO4)2,bvanalyzer,In:+3;Na:+1;W:+6,In:10;Na:0;W:0,d10,
mp-20694,K2Pb2O3,bvanalyzer,K:+1;Pb:+2,K:0;Pb:10,d10,
mp-20727,Sb2PbO6,bvanalyzer,Pb:+2;Sb:+5,Pb:10;Sb:10,d10,
mp-20944,Sr2PbO4,bvanalyzer,Pb:+4;Sr:+2,Pb:10;Sr:0,d10,
mp-21084,In6Ga2PtO8,oxi_state_guesses,Ga:+3;In:+1.33333;Pt:+2,Ga:10;In:10;Pt:8,other,
mp-21137,Ca2PbO4,bvanalyzer,Ca:+2;Pb:+4,Ca:0;Pb:10,d10,
mp-21138,MoPb2O5,bvanalyzer,Mo:+6;Pb:+2,Mo:0;Pb:10,d10,
mp-2133,ZnO,bvanalyzer,Zn:+2,Zn:10,d10,
mp-2136,Sb2O3,bvanalyzer,Sb:+3,Sb:10,d10,
mp-21461,Rb2PbO3,bvanalyzer,Pb:+4;Rb:+1,Pb:10;Rb:0,d10,
mp-21521,Cs2PbO3,bvanalyzer,Cs:+1;Pb:+4,Cs:0;Pb:10,d10,
mp-21879,Ba2CePtO6,oxi_state_guesses,Ba:+2;Ce:+4;Pt:+4,Ba:0;Ce:0;Pt:6,other,
mp-21892,Al2PbO4,bvanalyzer,Al:+3;Pb:+2,Al:0;Pb:10,d10,
mp-22169,MoPbO4,bvanalyzer,Mo:+6;Pb:+2,Mo:0;Pb:10,d10,
mp-22170,Li4PbO4,bvanalyzer,Li:+1;Pb:+4,Li:0;Pb:10,d10,
mp-22186,In6Ge2PtO9,oxi_state_guesses,Ge:+4;In:+1.33333;Pt:+2,Ge:10;In:10;Pt:8,other,
mp-22313,Na2PtO2,oxi_state_guesses,Na:+1;Pt:+2,Na:0;Pt:8,other,
mp-22328,K4PbO4,bvanalyzer,K:+1;Pb:+4,K:0;Pb:10,d10,
mp-22355,Sr2InSbO6,bvanalyzer,In:+3;Sb:+5;Sr:+2,In:10;Sb:10;Sr:0,d10,
mp-22373,CrPb2O5,bvanalyzer,Cr:+6;Pb:+2,Cr:0;Pb:10,d10,
mp-22443,VInO4,bvanalyzer,In:+3;V:+5,In:10;V:0,d10,
mp-22633,Pb3O4,oxi_state_guesses,Pb:+2.66667,Pb:10,d10,
mp-22766,CaIn2O4,bvanalyzer,Ca:+2;In:+3,Ca:0;In:10,d10,
mp-22984,NaBiO2,bvanalyzer,Bi:+3;Na:+1,Bi:10;Na:0,d10,
mp-230,SbO2,oxi_state_guesses,Sb:+4,Sb:10,d10,
mp-23018,BiSbO4,bvanalyzer,Bi:+3;Sb:+5,Bi:10;Sb:10,d10,
mp-23054,NaBiO3,bvanalyzer,Bi:+5;Na:+1,Bi:10;Na:0,d10,
mp-23127,Ba2BiSbO6,bvanalyzer,Ba:+2;Bi:+3;Sb:+5,Ba:0;Bi:10;Sb:10,d10,
mp-23136,KBi(WO4)2,bvanalyzer,Bi:+3;K:+1;W:+6,Bi:10;K:0;W:0,d10,
mp-23262,Bi2O3,bvanalyzer,Bi:+3,Bi:10,d10,
mp-23426,Al4Bi2O9,bvanalyzer,Al:+3;Bi:+3,Al:0;Bi:10,d10,
mp-23558,Ag2BiO3,oxi_state_guesses,Ag:+1;Bi:+4,Ag:10;Bi:10,d10,
mp-23582,KLi6BiO6,bvanalyzer,Bi:+5;K:+1;Li:+1,Bi:10;K:0;Li:0,d10,
mp-2472,SrO,bvanalyzer,Sr:+2,Sr:0,d0,
mp-2542,BeO,bvanalyzer,Be:+2,Be:0,d0,
mp-2605,CaO,bvanalyzer,Ca:+2,Ca:0,d0,
mp-27197,Na4As2O7,bvanalyzer,As:+5;Na:+1,As:10;Na:0,d10,
mp-27219,Mg(SbO2)2,bvanalyzer,Mg:+2;Sb:+3,Mg:0;Sb:10,d10,
mp-27227,LiAg3O2,bvanalyzer,Ag:+1;Li:+1,Ag:10;Li:0,d10,
mp-27228,Tl6Si2O7,bvanalyzer,Si:+4;Tl:+1,Si:0;Tl:10,d10,
mp-27253,Au2O3,oxi_state_guesses,Au:+3,Au:8,other,
mp-27275,Li3BO3,bvanalyzer,B:+3;Li:+1,B:0;Li:0,d0,
mp-27303,NaAg3O2,bvanalyzer,Ag:+1;Na:+1,Ag:10;Na:0,d10,
mp-27345,Na3BiO4,bvanalyzer,Bi:+5;Na:+1,Bi:10;Na:0,d10,
mp-27559,Na14Cd2O9,bvanalyzer,Cd:+2;Na:+1,Cd:10;Na:0,d10,
mp-27564,Na4B2O5,bvanalyzer,B:+3;Na:+1,B:0;Na:0,d0,
mp-27624,CaV2O6,bvanalyzer,Ca:+2;V:+5,Ca:0;V:0,d0,
mp-27716,KTlO,bvanalyzer,K:+1;Tl:+1,K:0;Tl:10,d10,
mp-27742,K2CdO2,bvanalyzer,Cd:+2;K:+1,Cd:10;K:0,d10,
mp-27791,SrBe3O4,bvanalyzer,Be:+2;Sr:+2,Be:0;Sr:0,d0,
mp-27911,BiAsO4,bvanalyzer,As:+5;Bi:+3,As:10;Bi:10,d10,
mp-27914,Na3BiO3,bvanalyzer,Bi:+3;Na:+1,Bi:10;Na:0,d10,
mp-27915,K2BeO2,bvanalyzer,Be:+2;K:+1,Be:0;K:0,d0,
mp-27927,NbAlO4,bvanalyzer,Al:+3;Nb:+5,Al:0;Nb:0,d0,
mp-27931,Rb2SnO2,bvanalyzer,Rb:+1;Sn:+2,Rb:0;Sn:10,d10,
mp-28109,SbAsO3,bvanalyzer,As:+3;Sb:+3,As:10;Sb:10,d10,
mp-28150,BaNb2O6,bvanalyzer,Ba:+2;Nb:+5,Ba:0;Nb:0,d0,
mp-28158,K4Be3O5,bvanalyzer,Be:+2;K:+1,Be:0;K:0,d0,
mp-28205,Na3ReO5,bvanalyzer,Na:+1;Re:+7,Na:0;Re:0,d0,
mp-28232,MgTi2O5,bvanalyzer,Mg:+2;Ti:+4,Mg:0;Ti:0,d0,
mp-28251,Ta2Zn3O8,bvanalyzer,Ta:+5;Zn:+2,Ta:0;Zn:10,d10,
mp-28261,Na4SnO3,bvanalyzer,Na:+1;Sn:+2,Na:0;Sn:10,d10,
mp-28365,Na3AuO2,unassigned,,,unassigned,BVAnalyzer and oxi_state_guesses both failed
mp-28371,K2Zn3O4,bvanalyzer,K:+1;Zn:+2,K:0;Zn:10,d10,
mp-28380,Rb3TlO3,bvanalyzer,Rb:+1;Tl:+3,Rb:0;Tl:10,d10,
mp-28381,Cs3InO3,bvanalyzer,Cs:+1;In:+3,Cs:0;In:10,d10,
mp-28537,As2PbO4,bvanalyzer,As:+3;Pb:+2,As:10;Pb:10,d10,
mp-28568,Rb3CuO2,bvanalyzer,Cu:+1;Rb:+1,Cu:10;Rb:0,d10,
mp-2858,ZrO2,bvanalyzer,Zr:+4,Zr:0,d0,
mp-28670,Ba2Bi2O5,bvanalyzer,Ba:+2;Bi:+3,Ba:0;Bi:10,d10,
mp-28712,Si2Hg6O7,bvanalyzer,Hg:+1;Si:+4,Hg:10;Si:0,d10,
mp-2879,SrSnO3,bvanalyzer,Sn:+4;Sr:+2,Sn:10;Sr:0,d10,
mp-28796,Sr5(AuO4)2,oxi_state_guesses,Au:+3;Sr:+2,Au:8;Sr:0,other,
mp-28853,LaAuO3,oxi_state_guesses,Au:+3;La:+3,Au:8;La:0,other,
mp-28940,Sr4Nb2O9,bvanalyzer,Nb:+5;Sr:+2,Nb:0;Sr:0,d0,
mp-2895,Mg2SiO4,bvanalyzer,Mg:+2;Si:+4,Mg:0;Si:0,d0,
mp-2898,Ca(AuO2)2,oxi_state_guesses,Au:+3;Ca:+2,Au:8;Ca:0,other,
mp-29048,Sr(BiO2)2,bvanalyzer,Bi:+3;Sr:+2,Bi:10;Sr:0,d10,
mp-2908,Al2ZnO4,bvanalyzer,Al:+3;Zn:+2,Al:0;Zn:10,d10,
mp-29164,SrBiO3,oxi_state_guesses,Bi:+4;Sr:+2,Bi:10;Sr:0,d10,
mp-29205,YBO3,bvanalyzer,B:+3;Y:+3,B:0;Y:0,d0,
mp-29364,Li5SbO5,bvanalyzer,Li:+1;Sb:+5,Li:0;Sb:10,d10,
mp-29365,Li5BiO5,bvanalyzer,Bi:+5;Li:+1,Bi:10;Li:0,d10,
mp-29396,Cu2PbO2,bvanalyzer,Cu:+1;Pb:+2,Cu:10;Pb:10,d10,
mp-29454,Na3TlO2,bvanalyzer,Na:+1;Tl:+1,Na:0;Tl:10,d10,
mp-29455,Ga4GeO8,bvanalyzer,Ga:+3;Ge:+4,Ga:10;Ge:10,d10,
mp-29488,Na2ZnO2,bvanalyzer,Na:+1;Zn:+2,Na:0;Zn:10,d10,
mp-29505,Cs3BiO3,bvanalyzer,Bi:+3;Cs:+1,Bi:10;Cs:0,d10,
mp-29521,RbBiO2,bvanalyzer,Bi:+3;Rb:+1,Bi:10;Rb:0,d10,
mp-29524,K3BiO3,bvanalyzer,Bi:+3;K:+1,Bi:10;K:0,d10,
mp-29525,Rb3BiO3,bvanalyzer,Bi:+3;Rb:+1,Bi:10;Rb:0,d10,
mp-29606,Rb2Zn3O4,bvanalyzer,Rb:+1;Zn:+2,Rb:0;Zn:10,d10,
mp-29699,TiNb3O6,bvanalyzer,Nb:+3;Ti:+3,Nb:2;Ti:1,other,
mp-2970,Na4GeO4,bvanalyzer,Ge:+4;Na:+1,Ge:10;Na:0,d10,
mp-29775,Sr4PdO6,bvanalyzer,Pd:+4;Sr:+2,Pd:6;Sr:0,other,
mp-29792,CaNb2O4,bvanalyzer,Ca:+2;Nb:+3,Ca:0;Nb:2,other,
mp-29816,Ag2HgO2,bvanalyzer,Ag:+1;Hg:+2,Ag:10;Hg:10,d10,
mp-29892,LiSb3O8,bvanalyzer,Li:+1;Sb:+5,Li:0;Sb:10,d10,
mp-29920,Rb5Au3O2,unassigned,,,unassigned,BVAnalyzer and oxi_state_guesses both failed
mp-30120,K3BiO4,bvanalyzer,Bi:+5;K:+1,Bi:10;K:0,d10,
mp-30250,YAgO2,bvanalyzer,Ag:+1;Y:+3,Ag:10;Y:0,d10,
mp-30298,KAsO2,bvanalyzer,As:+3;K:+1,As:10;K:0,d10,
mp-30299,RbAsO2,bvanalyzer,As:+3;Rb:+1,As:10;Rb:0,d10,
mp-30300,Cs3As5O9,bvanalyzer,As:+3;Cs:+1,As:10;Cs:0,d10,
mp-3033,RbTaO3,bvanalyzer,Rb:+1;Ta:+5,Rb:0;Ta:0,d0,
mp-3051,Mg2GeO4,bvanalyzer,Ge:+4;Mg:+2,Ge:10;Mg:0,d10,
mp-306,B2O3,bvanalyzer,B:+3,B:0,d0,
mp-3074,KAgO,bvanalyzer,Ag:+1;K:+1,Ag:10;K:0,d10,
mp-3081,BeAl2O4,bvanalyzer,Al:+3;Be:+2,Al:0;Be:0,d0,
mp-30972,Na2Sb4O7,bvanalyzer,Na:+1;Sb:+3,Na:0;Sb:10,d10,
mp-30975,Na3BO3,bvanalyzer,B:+3;Na:+1,B:0;Na:0,d0,
mp-30980,NaYO2,bvanalyzer,Na:+1;Y:+3,Na:0;Y:0,d0,
mp-30988,KBiO2,bvanalyzer,Bi:+3;K:+1,Bi:10;K:0,d10,
mp-30990,K6Si2O7,bvanalyzer,K:+1;Si:+4,K:0;Si:0,d0,
mp-31116,LaScO3,bvanalyzer,La:+3;Sc:+3,La:0;Sc:0,d0,
mp-31250,BiBO3,bvanalyzer,B:+3;Bi:+3,B:0;Bi:10,d10,
mp-31358,RbBO2,bvanalyzer,B:+3;Rb:+1,B:0;Rb:0,d0,
mp-31418,La(SbO3)3,bvanalyzer,La:+3;Sb:+5,La:0;Sb:10,d10,
mp-31419,LaSb5O12,oxi_state_guesses,La:+3;Sb:+4.2,La:0;Sb:10,d10,
mp-3187,BaCeO3,bvanalyzer,Ba:+2;Ce:+4,Ba:0;Ce:0,d0,
mp-3188,Zn(SbO3)2,bvanalyzer,Sb:+5;Zn:+2,Sb:10;Zn:10,d10,
mp-3277,BAsO4,bvanalyzer,As:+5;B:+3,As:10;B:0,d10,
mp-3324,Nb2SnO6,bvanalyzer,Nb:+5;Sn:+2,Nb:0;Sn:10,d10,
mp-3338,NaGaO2,bvanalyzer,Ga:+3;Na:+1,Ga:10;Na:0,d10,
mp-3359,Ba2SnO4,bvanalyzer,Ba:+2;Sn:+4,Ba:0;Sn:10,d10,
mp-3370,Y2Sn2O7,bvanalyzer,Sn:+4;Y:+3,Sn:10;Y:0,d10,
mp-3378,SrHfO3,bvanalyzer,Hf:+4;Sr:+2,Hf:0;Sr:0,d0,
mp-33940,Mg2PtO4,oxi_state_guesses,Mg:+2;Pt:+4,Mg:0;Pt:6,other,
mp-3397,Ba2TiO4,bvanalyzer,Ba:+2;Ti:+4,Ba:0;Ti:0,d0,
mp-34022,Mg2SnO4,bvanalyzer,Mg:+2;Sn:+4,Mg:0;Sn:10,d10,
mp-3427,LiAlO2,bvanalyzer,Al:+3;Li:+1,Al:0;Li:0,d0,
mp-3491,NbSbO4,bvanalyzer,Nb:+5;Sb:+3,Nb:0;Sb:10,d10,
mp-352,HfO2,bvanalyzer,Hf:+4,Hf:0,d0,
mp-3527,Na3AgO2,bvanalyzer,Ag:+1;Na:+1,Ag:10;Na:0,d10,
mp-3536,MgAl2O4,bvanalyzer,Al:+3;Mg:+2,Al:0;Mg:0,d0,
mp-3540,Li2SnO3,bvanalyzer,Li:+1;Sn:+4,Li:0;Sn:10,d10,
mp-35647,Zn2PtO4,oxi_state_guesses,Pt:+4;Zn:+2,Pt:6;Zn:10,other,
mp-3575,Ca3(BO3)2,bvanalyzer,B:+3;Ca:+2,B:0;Ca:0,d0,
mp-3635,LiBO2,bvanalyzer,B:+3;Li:+1,B:0;Li:0,d0,
mp-3642,ScCuO2,bvanalyzer,Cu:+1;Sc:+3,Cu:10;Sc:0,d10,
mp-3653,Mg(SbO3)2,bvanalyzer,Mg:+2;Sb:+5,Mg:0;Sb:10,d10,
mp-3666,LiTaO3,bvanalyzer,Li:+1;Ta:+5,Li:0;Ta:0,d0,
mp-3744,NaNbO2,bvanalyzer,Na:+1;Nb:+3,Na:0;Nb:2,other,
mp-3748,AlCuO2,bvanalyzer,Al:+3;Cu:+1,Al:0;Cu:10,d10,
mp-3771,MgTiO3,bvanalyzer,Mg:+2;Ti:+4,Mg:0;Ti:0,d0,
mp-3788,SrAl4O7,bvanalyzer,Al:+3;Sr:+2,Al:0;Sr:0,d0,
mp-3889,NaBO2,bvanalyzer,B:+3;Na:+1,B:0;Na:0,d0,
mp-38951,Mg(GaO2)2,bvanalyzer,Ga:+3;Mg:+2,Ga:10;Mg:0,d10,
mp-3915,BaHgO2,bvanalyzer,Ba:+2;Hg:+2,Ba:0;Hg:10,d10,
mp-3917,Cd2GeO4,bvanalyzer,Cd:+2;Ge:+4,Cd:10;Ge:10,d10,
mp-3919,KBO2,bvanalyzer,B:+3;K:+1,B:0;K:0,d0,
mp-3924,LiNbO2,bvanalyzer,Li:+1;Nb:+3,Li:0;Nb:2,other,
mp-3952,BaY2O4,bvanalyzer,Ba:+2;Y:+3,Ba:0;Y:0,d0,
mp-3982,KCuO2,bvanalyzer,Cu:+3;K:+1,Cu:8;K:0,other,
mp-3996,GaAsO4,bvanalyzer,As:+5;Ga:+3,As:10;Ga:10,d10,
mp-4035,RbReO4,bvanalyzer,Rb:+1;Re:+7,Rb:0;Re:0,d0,
mp-4056,CaSc2O4,bvanalyzer,Ca:+2;Sc:+3,Ca:0;Sc:0,d0,
mp-4086,La2Sn2O7,bvanalyzer,La:+3;Sn:+4,La:0;Sn:10,d10,
mp-4103,Sr2Sb2O7,bvanalyzer,Sb:+5;Sr:+2,Sb:10;Sr:0,d10,
mp-4117,Li2Si2O5,bvanalyzer,Li:+1;Si:+4,Li:0;Si:0,d0,
mp-4156,Li2ZrO3,bvanalyzer,Li:+1;Zr:+4,Li:0;Zr:0,d0,
mp-4190,CaSnO3,bvanalyzer,Ca:+2;Sn:+4,Ca:0;Sn:10,d10,
mp-4236,BaZnO2,bvanalyzer,Ba:+2;Zn:+2,Ba:0;Zn:10,d10,
mp-4287,Sr2SnO4,bvanalyzer,Sn:+4;Sr:+2,Sn:10;Sr:0,d10,
mp-4387,SrZrO3,bvanalyzer,Sr:+2;Zr:+4,Sr:0;Zr:0,d0,
mp-4421,LaTaO4,bvanalyzer,La:+3;Ta:+5,La:0;Ta:0,d0,
mp-4481,Ca2SiO4,bvanalyzer,Ca:+2;Si:+4,Ca:0;Si:0,d0,
mp-4482,NaSbO3,bvanalyzer,Na:+1;Sb:+5,Na:0;Sb:10,d10,
mp-4527,Li8SnO6,bvanalyzer,Li:+1;Sn:+4,Li:0;Sn:10,d10,
mp-4530,Cd2SiO4,bvanalyzer,Cd:+2;Si:+4,Cd:10;Si:0,d10,
mp-4533,Na2SiO3,bvanalyzer,Na:+1;Si:+4,Na:0;Si:0,d0,
mp-4555,Ca(AsO3)2,bvanalyzer,As:+5;Ca:+2,As:10;Ca:0,d10,
mp-4558,Li4GeO4,bvanalyzer,Ge:+4;Li:+1,Ge:10;Li:0,d10,
mp-4571,CaZrO3,bvanalyzer,Ca:+2;Zr:+4,Ca:0;Zr:0,d0,
mp-4584,Tl3BO3,bvanalyzer,B:+3;Tl:+1,B:0;Tl:10,d10,
mp-4598,Sr4PtO6,oxi_state_guesses,Pt:+4;Sr:+2,Pt:6;Sr:0,other,
mp-4609,HfSiO4,bvanalyzer,Hf:+4;Si:+4,Hf:0;Si:0,d0,
mp-4624,TaBO4,bvanalyzer,B:+3;Ta:+5,B:0;Ta:0,d0,
mp-4710,Hg3(BO3)2,bvanalyzer,B:+3;Hg:+2,B:0;Hg:10,d10,
mp-4747,Ca2SnO4,bvanalyzer,Ca:+2;Sn:+4,Ca:0;Sn:10,d10,
mp-4757,KReO4,bvanalyzer,K:+1;Re:+7,K:0;Re:0,d0,
mp-4812,Zn4B6O13,bvanalyzer,B:+3;Zn:+2,B:0;Zn:10,d10,
mp-4819,MgGeO3,bvanalyzer,Ge:+4;Mg:+2,Ge:10;Mg:0,d10,
mp-4820,ZrSiO4,bvanalyzer,Si:+4;Zr:+4,Si:0;Zr:0,d0,
mp-4867,CaAl4O7,bvanalyzer,Al:+3;Ca:+2,Al:0;Ca:0,d0,
mp-4961,Na2HgO2,bvanalyzer,Hg:+2;Na:+1,Hg:10;Na:0,d10,
mp-4974,La2Zr2O7,bvanalyzer,La:+3;Zr:+4,La:0;Zr:0,d0,
mp-4995,LiSbO3,bvanalyzer,Li:+1;Sb:+5,Li:0;Sb:10,d10,
mp-5005,Mg3(BO3)2,bvanalyzer,B:+3;Mg:+2,B:0;Mg:0,d0,
mp-5012,Li2SiO3,bvanalyzer,Li:+1;Si:+4,Li:0;Si:0,d0,
mp-504506,RbIn(MoO4)2,bvanalyzer,In:+3;Mo:+6;Rb:+1,In:10;Mo:0;Rb:0,d10,
mp-504510,MgV2O6,bvanalyzer,Mg:+2;V:+5,Mg:0;V:0,d0,
mp-504554,Ba5Ta4O15,bvanalyzer,Ba:+2;Ta:+5,Ba:0;Ta:0,d0,
mp-504591,PbWO4,bvanalyzer,Pb:+2;W:+6,Pb:10;W:0,d10,
mp-504598,Rb2PbO2,bvanalyzer,Pb:+2;Rb:+1,Pb:10;Rb:0,d10,
mp-504651,CsVO3,bvanalyzer,Cs:+1;V:+5,Cs:0;V:0,d0,
mp-504849,Cs2Li2SiO4,bvanalyzer,Cs:+1;Li:+1;Si:+4,Cs:0;Li:0;Si:0,d0,
mp-505368,As2Pb3O8,bvanalyzer,As:+5;Pb:+2,As:10;Pb:10,d10,
mp-505743,GaBPbO4,bvanalyzer,B:+3;Ga:+3;Pb:+2,B:0;Ga:10;Pb:10,d10,
mp-5072,Rb2HgO2,bvanalyzer,Hg:+2;Rb:+1,Hg:10;Rb:0,d10,
mp-510264,KY(WO4)2,bvanalyzer,K:+1;W:+6;Y:+3,K:0;W:0;Y:0,d0,
mp-510273,CsSbO2,bvanalyzer,Cs:+1;Sb:+3,Cs:0;Sb:10,d10,
mp-510456,Zr(MoO4)2,bvanalyzer,Mo:+6;Zr:+4,Mo:0;Zr:0,d0,
mp-510607,SrCrO4,bvanalyzer,Cr:+6;Sr:+2,Cr:0;Sr:0,d0,
mp-5127,LiCuO,bvanalyzer,Cu:+1;Li:+1,Cu:10;Li:0,d10,
mp-5175,NaInO2,bvanalyzer,In:+3;Na:+1,In:10;Na:0,d10,
mp-5295,LaNbO4,bvanalyzer,La:+3;Nb:+5,La:0;Nb:0,d0,
mp-5377,YTaO4,bvanalyzer,Ta:+5;Y:+3,Ta:0;Y:0,d0,
mp-5387,YNbO4,bvanalyzer,Nb:+5;Y:+3,Nb:0;Y:0,d0,
mp-5403,Rb2TiO3,bvanalyzer,Rb:+1;Ti:+4,Rb:0;Ti:0,d0,
mp-540584,K2PdO2,bvanalyzer,K:+1;Pd:+2,K:0;Pd:8,other,
mp-540586,Tl2SnO3,bvanalyzer,Sn:+4;Tl:+1,Sn:10;Tl:10,d10,
mp-540631,KTa(GeO3)3,bvanalyzer,Ge:+4;K:+1;Ta:+5,Ge:10;K:0;Ta:0,d10,
mp-540632,RbTa(GeO3)3,bvanalyzer,Ge:+4;Rb:+1;Ta:+5,Ge:10;Rb:0;Ta:0,d10,
mp-540633,RbNb(GeO3)3,bvanalyzer,Ge:+4;Nb:+5;Rb:+1,Ge:10;Nb:0;Rb:0,d10,
mp-540634,TaTl(GeO3)3,bvanalyzer,Ge:+4;Ta:+5;Tl:+1,Ge:10;Ta:0;Tl:10,d10,
mp-540635,BaSn(GeO3)3,bvanalyzer,Ba:+2;Ge:+4;Sn:+4,Ba:0;Ge:10;Sn:10,d10,
mp-540688,SrIn2O4,bvanalyzer,In:+3;Sr:+2,In:10;Sr:0,d10,
mp-540707,Cs2Sn(GeO3)3,bvanalyzer,Cs:+1;Ge:+4;Sn:+4,Cs:0;Ge:10;Sn:10,d10,
mp-540949,Ba3SrNb2O9,bvanalyzer,Ba:+2;Nb:+5;Sr:+2,Ba:0;Nb:0;Sr:0,d0,
mp-540950,Ba3SrTa2O9,bvanalyzer,Ba:+2;Sr:+2;Ta:+5,Ba:0;Sr:0;Ta:0,d0,
mp-541037,CsCuO,bvanalyzer,Cs:+1;Cu:+1,Cs:0;Cu:10,d10,
mp-541040,Y2Be2GeO7,bvanalyzer,Be:+2;Ge:+4;Y:+3,Be:0;Ge:10;Y:0,d10,
mp-541190,Cs2LiVO4,bvanalyzer,Cs:+1;Li:+1;V:+5,Cs:0;Li:0;V:0,d0,
mp-541368,Tl4V2O7,bvanalyzer,Tl:+1;V:+5,Tl:10;V:0,d10,
mp-5418,Li6Zr2O7,bvanalyzer,Li:+1;Zr:+4,Li:0;Zr:0,d0,
mp-542085,Sr2GeO4,bvanalyzer,Ge:+4;Sr:+2,Ge:10;Sr:0,d10,
mp-545359,KNa2CuO2,bvanalyzer,Cu:+1;K:+1;Na:+1,Cu:10;K:0;Na:0,d10,
mp-545544,Ba2TaBiO6,bvanalyzer,Ba:+2;Bi:+3;Ta:+5,Ba:0;Bi:10;Ta:0,d10,
mp-545850,VBiO4,bvanalyzer,Bi:+3;V:+5,Bi:10;V:0,d10,
mp-546011,YZnAsO,bvanalyzer,Y:+3;Zn:+2,Y:0;Zn:10,d10,
mp-546125,ScAsO4,bvanalyzer,As:+5;Sc:+3,As:10;Sc:0,d10,
mp-546794,SiO2,bvanalyzer,Si:+4,Si:0,d0,
mp-5477,Na5NbO5,bvanalyzer,Na:+1;Nb:+5,Na:0;Nb:0,d0,
mp-547792,KSbO3,bvanalyzer,K:+1;Sb:+5,K:0;Sb:10,d10,
mp-5478,TlPd3O4,oxi_state_guesses,Pd:+2.33333;Tl:+1,Pd:7.66667;Tl:10,other,
mp-5488,LiInO2,bvanalyzer,In:+3;Li:+1,In:10;Li:0,d10,
mp-549737,Ba2Ca(BO3)2,bvanalyzer,B:+3;Ba:+2;Ca:+2,B:0;Ba:0;Ca:0,d0,
mp-550622,V2CdO6,bvanalyzer,Cd:+2;V:+5,Cd:10;V:0,d10,
mp-550751,BaBeSiO4,bvanalyzer,Ba:+2;Be:+2;Si:+4,Ba:0;Be:0;Si:0,d0,
mp-550925,NaScAs2O7,bvanalyzer,As:+5;Na:+1;Sc:+3,As:10;Na:0;Sc:0,d10,
mp-551092,KLiZnO2,bvanalyzer,K:+1;Li:+1;Zn:+2,K:0;Li:0;Zn:10,d10,
mp-551269,Ba2LaSbO6,bvanalyzer,Ba:+2;La:+3;Sb:+5,Ba:0;La:0;Sb:10,d10,
mp-551873,Ca4Bi2O,bvanalyzer,Ca:+2,Ca:0,d0,
mp-553303,CsCu3O2,bvanalyzer,Cs:+1;Cu:+1,Cs:0;Cu:10,d10,
mp-553310,CsCuO2,bvanalyzer,Cs:+1;Cu:+3,Cs:0;Cu:8,other,
mp-553961,ScNbO4,bvanalyzer,Nb:+5;Sc:+3,Nb:0;Sc:0,d0,
mp-554034,KLa2NbO6,bvanalyzer,K:+1;La:+3;Nb:+5,K:0;La:0;Nb:0,d0,
mp-554206,Cs2Al2As2O7,bvanalyzer,Al:+3;As:+3;Cs:+1,Al:0;As:10;Cs:0,d10,
mp-554278,TiO2,bvanalyzer,Ti:+4,Ti:0,d0,
mp-554381,Ca2VBiO6,bvanalyzer,Bi:+3;Ca:+2;V:+5,Bi:10;Ca:0;V:0,d10,
mp-554699,GePbO3,bvanalyzer,Ge:+4;Pb:+2,Ge:10;Pb:10,d10,
mp-554773,La3BWO9,bvanalyzer,B:+3;La:+3;W:+6,B:0;La:0;W:0,d0,
mp-5548,Ta2Cd2O7,bvanalyzer,Cd:+2;Ta:+5,Cd:10;Ta:0,d10,
mp-554845,Na2Zn2O3,bvanalyzer,Na:+1;Zn:+2,Na:0;Zn:10,d10,
mp-554959,K2Al2Sb2O7,bvanalyzer,Al:+3;K:+1;Sb:+3,Al:0;K:0;Sb:10,d10,
mp-555018,RbNa2AuO2,unassigned,,,unassigned,BVAnalyzer and oxi_state_guesses both failed
mp-555070,BaBe2(BO3)2,bvanalyzer,B:+3;Ba:+2;Be:+2,B:0;Ba:0;Be:0,d0,
mp-555082,CsLi5(BO3)2,bvanalyzer,B:+3;Cs:+1;Li:+1,B:0;Cs:0;Li:0,d0,
mp-555140,Cs2Li3GaO4,bvanalyzer,Cs:+1;Ga:+3;Li:+1,Cs:0;Ga:10;Li:0,d10,
mp-555318,K2Zn(SiO3)2,bvanalyzer,K:+1;Si:+4;Zn:+2,K:0;Si:0;Zn:10,d10,
mp-555495,K3Y(BO3)2,bvanalyzer,B:+3;K:+1;Y:+3,B:0;K:0;Y:0,d0,
mp-555678,Na4Ti5O12,bvanalyzer,Na:+1;Ti:+4,Na:0;Ti:0,d0,
mp-555812,NaSr3BiO6,bvanalyzer,Bi:+5;Na:+1;Sr:+2,Bi:10;Na:0;Sr:0,d10,
mp-556046,SrGa2B2O7,bvanalyzer,B:+3;Ga:+3;Sr:+2,B:0;Ga:10;Sr:0,d10,
mp-556104,La2CrO6,bvanalyzer,Cr:+6;La:+3,Cr:0;La:0,d0,
mp-556185,RbNaTiO3,bvanalyzer,Na:+1;Rb:+1;Ti:+4,Na:0;Rb:0;Ti:0,d0,
mp-556209,RbLiMoO4,bvanalyzer,Li:+1;Mo:+6;Rb:+1,Li:0;Mo:0;Rb:0,d0,
mp-556258,Na3BeAl(SiO4)2,bvanalyzer,Al:+3;Be:+2;Na:+1;Si:+4,Al:0;Be:0;Na:0;Si:0,d0,
mp-556275,Rb2Al2Sb2O7,bvanalyzer,Al:+3;Rb:+1;Sb:+3,Al:0;Rb:0;Sb:10,d10,
mp-556316,Ba3NaBiO6,bvanalyzer,Ba:+2;Bi:+5;Na:+1,Ba:0;Bi:10;Na:0,d10,
mp-556489,Ta2SnO6,bvanalyzer,Sn:+2;Ta:+5,Sn:10;Ta:0,d10,
mp-556517,K2PbO2,bvanalyzer,K:+1;Pb:+2,K:0;Pb:10,d10,
mp-556653,Cd2BiAsO6,bvanalyzer,As:+5;Bi:+3;Cd:+2,As:10;Bi:10;Cd:10,d10,
mp-556695,NaSrBO3,bvanalyzer,B:+3;Na:+1;Sr:+2,B:0;Na:0;Sr:0,d0,
mp-556896,Ba4AgAuO6,oxi_state_guesses,Ag:+1;Au:+3;Ba:+2,Ag:10;Au:8;Ba:0,other,
mp-556966,KSrVO4,bvanalyzer,K:+1;Sr:+2;V:+5,K:0;Sr:0;V:0,d0,
mp-557070,Ca2BiAsO6,bvanalyzer,As:+5;Bi:+3;Ca:+2,As:10;Bi:10;Ca:0,d10,
mp-557183,KNaZnO2,bvanalyzer,K:+1;Na:+1;Zn:+2,K:0;Na:0;Zn:10,d10,
mp-557359,Cs2Al2Sb2O7,bvanalyzer,Al:+3;Cs:+1;Sb:+3,Al:0;Cs:0;Sb:10,d10,
mp-557401,Na6PbO5,bvanalyzer,Na:+1;Pb:+4,Na:0;Pb:10,d10,
mp-557467,Li4Ca(BO3)2,bvanalyzer,B:+3;Ca:+2;Li:+1,B:0;Ca:0;Li:0,d0,
mp-557506,Na3Ca2BiO6,bvanalyzer,Bi:+5;Ca:+2;Na:+1,Bi:10;Ca:0;Na:0,d10,
mp-557577,K3ScSi2O7,bvanalyzer,K:+1;Sc:+3;Si:+4,K:0;Sc:0;Si:0,d0,
mp-557632,K2LiBO3,bvanalyzer,B:+3;K:+1;Li:+1,B:0;K:0;Li:0,d0,
mp-557787,TlSbO3,bvanalyzer,Sb:+5;Tl:+1,Sb:10;Tl:10,d10,
mp-557807,CsK2AuO2,unassigned,,,unassigned,BVAnalyzer and oxi_state_guesses both failed
mp-557855,CaGaBO4,bvanalyzer,B:+3;Ca:+2;Ga:+3,B:0;Ca:0;Ga:10,d10,
mp-557871,CuAsPbO4,bvanalyzer,As:+5;Cu:+1;Pb:+2,As:10;Cu:10;Pb:10,d10,
mp-557993,BiO2,oxi_state_guesses,Bi:+4,Bi:10,d10,
mp-558085,KNaGeO3,bvanalyzer,Ge:+4;K:+1;Na:+1,Ge:10;K:0;Na:0,d10,
mp-558362,CaMgGeO4,bvanalyzer,Ca:+2;Ge:+4;Mg:+2,Ca:0;Ge:10;Mg:0,d10,
mp-558369,K2LiVO4,bvanalyzer,K:+1;Li:+1;V:+5,K:0;Li:0;V:0,d0,
mp-558628,KLi2BO3,bvanalyzer,B:+3;K:+1;Li:+1,B:0;K:0;Li:0,d0,
mp-558629,Ba2ZnSi2O7,bvanalyzer,Ba:+2;Si:+4;Zn:+2,Ba:0;Si:0;Zn:10,d10,
mp-558781,ScTaO4,bvanalyzer,Sc:+3;Ta:+5,Sc:0;Ta:0,d0,
mp-558941,LiYSiO4,bvanalyzer,Li:+1;Si:+4;Y:+3,Li:0;Si:0;Y:0,d0,
mp-559067,KNa2AuO2,unassigned,,,unassigned,BVAnalyzer and oxi_state_guesses both failed
mp-559106,KLi3PbO4,bvanalyzer,K:+1;Li:+1;Pb:+4,K:0;Li:0;Pb:10,d10,
mp-559186,BaBiBO4,bvanalyzer,B:+3;Ba:+2;Bi:+3,B:0;Ba:0;Bi:10,d10,
mp-559348,BaZr(BO3)2,bvanalyzer,B:+3;Ba:+2;Zr:+4,B:0;Ba:0;Zr:0,d0,
mp-5594,Sc2Si2O7,bvanalyzer,Sc:+3;Si:+4,Sc:0;Si:0,d0,
mp-559759,CaAlBO4,bvanalyzer,Al:+3;B:+3;Ca:+2,Al:0;B:0;Ca:0,d0,
mp-559969,CaLaGaO4,bvanalyzer,Ca:+2;Ga:+3;La:+3,Ca:0;Ga:10;La:0,d10,
mp-560156,SrTlVO4,bvanalyzer,Sr:+2;Tl:+1;V:+5,Sr:0;Tl:10;V:0,d10,
mp-560157,LiMgVO4,bvanalyzer,Li:+1;Mg:+2;V:+5,Li:0;Mg:0;V:0,d0,
mp-560340,La2Pd2O5,bvanalyzer,La:+3;Pd:+2,La:0;Pd:8,other,
mp-560398,K2Zn(GeO3)2,bvanalyzer,Ge:+4;K:+1;Zn:+2,Ge:10;K:0;Zn:10,d10,
mp-560441,BaZn2Si2O7,bvanalyzer,Ba:+2;Si:+4;Zn:+2,Ba:0;Si:0;Zn:10,d10,
mp-560605,LiLa4AuO8,oxi_state_guesses,Au:+3;La:+3;Li:+1,Au:8;La:0;Li:0,other,
mp-560647,Ca2GeO4,bvanalyzer,Ca:+2;Ge:+4,Ca:0;Ge:10,d10,
mp-560767,KNaTiO3,bvanalyzer,K:+1;Na:+1;Ti:+4,K:0;Na:0;Ti:0,d0,
mp-560791,CsNaTiO3,bvanalyzer,Cs:+1;Na:+1;Ti:+4,Cs:0;Na:0;Ti:0,d0,
mp-560860,Na2PtO3,oxi_state_guesses,Na:+1;Pt:+4,Na:0;Pt:6,other,
mp-560870,BaGa2B2O7,bvanalyzer,B:+3;Ba:+2;Ga:+3,B:0;Ba:0;Ga:10,d10,
mp-560950,K2NaTlO3,bvanalyzer,K:+1;Na:+1;Tl:+3,K:0;Na:0;Tl:10,d10,
mp-561315,Cs3AlGe2O7,bvanalyzer,Al:+3;Cs:+1;Ge:+4,Al:0;Cs:0;Ge:10,d10,
mp-561446,BaCa(GaO2)4,bvanalyzer,Ba:+2;Ca:+2;Ga:+3,Ba:0;Ca:0;Ga:10,d10,
mp-561725,CsBO2,bvanalyzer,B:+3;Cs:+1,B:0;Cs:0,d0,
mp-562072,Cs3SbO3,bvanalyzer,Cs:+1;Sb:+3,Cs:0;Sb:10,d10,
mp-562263,Cs2PbO2,bvanalyzer,Cs:+1;Pb:+2,Cs:0;Pb:10,d10,
mp-562441,Cs3AlO3,bvanalyzer,Al:+3;Cs:+1,Al:0;Cs:0,d0,
mp-562854,CsNb2BiO7,bvanalyzer,Bi:+3;Cs:+1;Nb:+5,Bi:10;Cs:0;Nb:0,d10,
mp-5637,SrZnO2,bvanalyzer,Sr:+2;Zn:+2,Sr:0;Zn:10,d10,
mp-5769,Li3SbO4,bvanalyzer,Li:+1;Sb:+5,Li:0;Sb:10,d10,
mp-5784,Na2GeO3,bvanalyzer,Ge:+4;Na:+1,Ge:10;Na:0,d10,
mp-5794,Zn(GaO2)2,bvanalyzer,Ga:+3;Zn:+2,Ga:10;Zn:10,d10,
mp-5840,LiScO2,bvanalyzer,Li:+1;Sc:+3,Li:0;Sc:0,d0,
mp-5854,LiGaO2,bvanalyzer,Ga:+3;Li:+1,Ga:10;Li:0,d10,
mp-5860,K2HgO2,bvanalyzer,Hg:+2;K:+1,Hg:10;K:0,d10,
mp-6019,Sr2YNbO6,bvanalyzer,Nb:+5;Sr:+2;Y:+3,Nb:0;Sr:0;Y:0,d0,
mp-6062,YAl3(BO3)4,bvanalyzer,Al:+3;B:+3;Y:+3,Al:0;B:0;Y:0,d0,
mp-6064,Sr3MgPtO6,oxi_state_guesses,Mg:+2;Pt:+4;Sr:+2,Mg:0;Pt:6;Sr:0,other,
mp-6066,NaTaGeO5,bvanalyzer,Ge:+4;Na:+1;Ta:+5,Ge:10;Na:0;Ta:0,d10,
mp-6081,Ba2Ti(SiO4)2,bvanalyzer,Ba:+2;Si:+4;Ti:+4,Ba:0;Si:0;Ti:0,d0,
mp-6126,LiCdBO3,bvanalyzer,B:+3;Cd:+2;Li:+1,B:0;Cd:10;Li:0,d10,
mp-6138,Na2TiSiO5,bvanalyzer,Na:+1;Si:+4;Ti:+4,Na:0;Si:0;Ti:0,d0,
mp-6224,LiScSiO4,bvanalyzer,Li:+1;Sc:+3;Si:+4,Li:0;Sc:0;Si:0,d0,
mp-6228,Na2TiGeO5,bvanalyzer,Ge:+4;Na:+1;Ti:+4,Ge:10;Na:0;Ti:0,d10,
mp-6273,Ba4Na(SbO4)3,bvanalyzer,Ba:+2;Na:+1;Sb:+5,Ba:0;Na:0;Sb:10,d10,
mp-6325,Ba3MgTa2O9,bvanalyzer,Ba:+2;Mg:+2;Ta:+5,Ba:0;Mg:0;Ta:0,d0,
mp-6333,NaIn(SiO3)2,bvanalyzer,In:+3;Na:+1;Si:+4,In:10;Na:0;Si:0,d10,
mp-6361,NaSr3NbO6,bvanalyzer,Na:+1;Nb:+5;Sr:+2,Na:0;Nb:0;Sr:0,d0,
mp-6391,Na2ZnSiO4,bvanalyzer,Na:+1;Si:+4;Zn:+2,Na:0;Si:0;Zn:10,d10,
mp-6402,Na2ZnGeO4,bvanalyzer,Ge:+4;Na:+1;Zn:+2,Ge:10;Na:0;Zn:10,d10,
mp-6406,Na2MgSiO4,bvanalyzer,Mg:+2;Na:+1;Si:+4,Mg:0;Na:0;Si:0,d0,
mp-6434,RbAlSiO4,bvanalyzer,Al:+3;Rb:+1;Si:+4,Al:0;Rb:0;Si:0,d0,
mp-647813,Cs2CrO4,bvanalyzer,Cr:+6;Cs:+1,Cr:0;Cs:0,d0,
mp-6493,CaMgSiO4,bvanalyzer,Ca:+2;Mg:+2;Si:+4,Ca:0;Mg:0;Si:0,d0,
mp-6499,BaLiBO3,bvanalyzer,B:+3;Ba:+2;Li:+1,B:0;Ba:0;Li:0,d0,
mp-6507,Na2Zn2Si2O7,bvanalyzer,Na:+1;Si:+4;Zn:+2,Na:0;Si:0;Zn:10,d10,
mp-6526,NaGeSbO5,bvanalyzer,Ge:+4;Na:+1;Sb:+5,Ge:10;Na:0;Sb:10,d10,
mp-6564,Sr2MgSi2O7,bvanalyzer,Mg:+2;Si:+4;Sr:+2,Mg:0;Si:0;Sr:0,d0,
mp-6600,K2Zr(SiO3)3,bvanalyzer,K:+1;Si:+4;Zr:+4,K:0;Si:0;Zr:0,d0,
mp-6655,Y2Be2SiO7,bvanalyzer,Be:+2;Si:+4;Y:+3,Be:0;Si:0;Y:0,d0,
mp-6660,BaNaBO3,bvanalyzer,B:+3;Ba:+2;Na:+1,B:0;Ba:0;Na:0,d0,
mp-6661,BaTi(SiO3)3,bvanalyzer,Ba:+2;Si:+4;Ti:+4,Ba:0;Si:0;Ti:0,d0,
mp-6675,Na2Zn(SiO3)2,bvanalyzer,Na:+1;Si:+4;Zn:+2,Na:0;Si:0;Zn:10,d10,
mp-6694,Cs2Zr(SiO3)3,bvanalyzer,Cs:+1;Si:+4;Zr:+4,Cs:0;Si:0;Zr:0,d0,
mp-6730,Sr3ZnPtO6,oxi_state_guesses,Pt:+4;Sr:+2;Zn:+2,Pt:6;Sr:0;Zn:10,other,
mp-6766,CaMg(SiO3)2,bvanalyzer,Ca:+2;Mg:+2;Si:+4,Ca:0;Mg:0;Si:0,d0,
mp-676666,Rb2CeO3,bvanalyzer,Ce:+4;Rb:+1,Ce:0;Rb:0,d0,
mp-676861,AlSbO4,bvanalyzer,Al:+3;Sb:+5,Al:0;Sb:10,d10,
mp-6853,Ca3TaGa3(SiO7)2,bvanalyzer,Ca:+2;Ga:+3;Si:+4;Ta:+5,Ca:0;Ga:10;Si:0;Ta:0,d10,
mp-6983,NaAgO,bvanalyzer,Ag:+1;Na:+1,Ag:10;Na:0,d10,
mp-7020,LiYO2,bvanalyzer,Li:+1;Y:+3,Li:0;Y:0,d0,
mp-7027,InBO3,bvanalyzer,B:+3;In:+3,B:0;In:10,d10,
mp-7041,CaHgO2,bvanalyzer,Ca:+2;Hg:+2,Ca:0;Hg:10,d10,
mp-7074,NaSc(SiO3)2,bvanalyzer,Na:+1;Sc:+3;Si:+4,Na:0;Sc:0;Si:0,d0,
mp-7118,Rb4SnO4,bvanalyzer,Rb:+1;Sn:+4,Rb:0;Sn:10,d10,
mp-7128,Cd(AsO3)2,bvanalyzer,As:+5;Cd:+2,As:10;Cd:10,d10,
mp-7205,LiInSiO4,bvanalyzer,In:+3;Li:+1;Si:+4,In:10;Li:0;Si:0,d10,
mp-7232,Cs2HgO2,bvanalyzer,Cs:+1;Hg:+2,Cs:0;Hg:10,d10,
mp-7258,K4SnO4,bvanalyzer,K:+1;Sn:+4,K:0;Sn:10,d10,
mp-733,GeO2,bvanalyzer,Ge:+4,Ge:10,d10,
mp-7374,Ba(CuO)2,bvanalyzer,Ba:+2;Cu:+1,Ba:0;Cu:10,d10,
mp-7404,Na3SbO4,bvanalyzer,Na:+1;Sb:+5,Na:0;Sb:10,d10,
mp-7469,NaCuO,bvanalyzer,Cu:+1;Na:+1,Cu:10;Na:0,d10,
mp-7470,RbCuO,bvanalyzer,Cu:+1;Rb:+1,Cu:10;Rb:0,d10,
mp-7471,Li3AuO3,oxi_state_guesses,Au:+3;Li:+1,Au:8;Li:0,other,
mp-7472,RbAuO2,oxi_state_guesses,Au:+3;Rb:+1,Au:8;Rb:0,other,
mp-7500,Na4SiO4,bvanalyzer,Na:+1;Si:+4,Na:0;Si:0,d0,
mp-752508,Cs2WO4,bvanalyzer,Cs:+1;W:+6,Cs:0;W:0,d0,
mp-752676,TiBi2O5,bvanalyzer,Bi:+3;Ti:+4,Bi:10;Ti:0,d10,
mp-752849,Y2Pb2O7,bvanalyzer,Pb:+4;Y:+3,Pb:10;Y:0,d10,
mp-753746,Rb2O,bvanalyzer,Rb:+1,Rb:0,d0,
mp-753798,Rb2SnO3,bvanalyzer,Rb:+1;Sn:+4,Rb:0;Sn:10,d10,
mp-753802,Sc2Ti2O7,bvanalyzer,Sc:+3;Ti:+4,Sc:0;Ti:0,d0,
mp-754128,Ba3Hf2O7,bvanalyzer,Ba:+2;Hf:+4,Ba:0;Hf:0,d0,
mp-754246,TiSnO3,bvanalyzer,Sn:+2;Ti:+4,Sn:10;Ti:0,d10,
mp-754326,NaAgO2,bvanalyzer,Ag:+3;Na:+1,Ag:8;Na:0,other,
mp-754363,Ba2HfO4,bvanalyzer,Ba:+2;Hf:+4,Ba:0;Hf:0,d0,
mp-754535,LaAgO2,bvanalyzer,Ag:+1;La:+3,Ag:10;La:0,d10,
mp-754853,CaHfO3,bvanalyzer,Ca:+2;Hf:+4,Ca:0;Hf:0,d0,
mp-755013,Li5TaO5,bvanalyzer,Li:+1;Ta:+5,Li:0;Ta:0,d0,
mp-755026,La2Pt2O7,oxi_state_guesses,La:+3;Pt:+4,La:0;Pt:6,other,
mp-755116,In2Pt2O7,oxi_state_guesses,In:+3;Pt:+4,In:10;Pt:6,other,
mp-755135,La6WO12,bvanalyzer,La:+3;W:+6,La:0;W:0,d0,
mp-755287,Ca3CdO4,bvanalyzer,Ca:+2;Cd:+2,Ca:0;Cd:10,d10,
mp-755292,Cs2BeO2,bvanalyzer,Be:+2;Cs:+1,Be:0;Cs:0,d0,
mp-755352,Li2HfO3,bvanalyzer,Hf:+4;Li:+1,Hf:0;Li:0,d0,
mp-755401,Na3CuO2,bvanalyzer,Cu:+1;Na:+1,Cu:10;Na:0,d10,
mp-755436,Na3VO4,bvanalyzer,Na:+1;V:+5,Na:0;V:0,d0,
mp-755478,CdBiO3,oxi_state_guesses,Bi:+4;Cd:+2,Bi:10;Cd:10,d10,
mp-755558,BaLa2O4,bvanalyzer,Ba:+2;La:+3,Ba:0;La:0,d0,
mp-755586,NaLaO2,bvanalyzer,La:+3;Na:+1,La:0;Na:0,d0,
mp-755752,Rb2Be2O3,bvanalyzer,Be:+2;Rb:+1,Be:0;Rb:0,d0,
mp-755802,K2MgO2,bvanalyzer,K:+1;Mg:+2,K:0;Mg:0,d0,
mp-755895,Ba3Zr2O7,bvanalyzer,Ba:+2;Zr:+4,Ba:0;Zr:0,d0,
mp-755950,Ba2Sc2O5,bvanalyzer,Ba:+2;Sc:+3,Ba:0;Sc:0,d0,
mp-756044,Na3AsO4,bvanalyzer,As:+5;Na:+1,As:10;Na:0,d10,
mp-756122,Cs3TlO3,bvanalyzer,Cs:+1;Tl:+3,Cs:0;Tl:10,d10,
mp-756156,Rb2ZrO3,bvanalyzer,Rb:+1;Zr:+4,Rb:0;Zr:0,d0,
mp-756347,Y2Pt2O7,oxi_state_guesses,Pt:+4;Y:+3,Pt:6;Y:0,other,
mp-756382,Sr3WO6,bvanalyzer,Sr:+2;W:+6,Sr:0;W:0,d0,
mp-756510,K4TiO4,bvanalyzer,K:+1;Ti:+4,K:0;Ti:0,d0,
mp-756570,Rb4SnO3,bvanalyzer,Rb:+1;Sn:+2,Rb:0;Sn:10,d10,
mp-756746,Rb4PbO4,bvanalyzer,Pb:+4;Rb:+1,Pb:10;Rb:0,d10,
mp-756919,Mg3(AsO4)2,bvanalyzer,As:+5;Mg:+2,As:10;Mg:0,d10,
mp-757031,Mg2TiO4,bvanalyzer,Mg:+2;Ti:+4,Mg:0;Ti:0,d0,
mp-7601,NbGaO4,bvanalyzer,Ga:+3;Nb:+5,Ga:10;Nb:0,d10,
mp-760483,Li2PdO3,bvanalyzer,Li:+1;Pd:+4,Li:0;Pd:6,other,
mp-7608,Li2PdO2,bvanalyzer,Li:+1;Pd:+2,Li:0;Pd:8,other,
mp-7611,Li2CaGeO4,bvanalyzer,Ca:+2;Ge:+4;Li:+1,Ca:0;Ge:10;Li:0,d10,
mp-761184,Na2SnO3,bvanalyzer,Na:+1;Sn:+4,Na:0;Sn:10,d10,
mp-761686,Na2BiO3,oxi_state_guesses,Bi:+4;Na:+1,Bi:10;Na:0,d10,
mp-7638,LiTa3O8,bvanalyzer,Li:+1;Ta:+5,Li:0;Ta:0,d0,
mp-7650,RbScO2,bvanalyzer,Rb:+1;Sc:+3,Rb:0;Sc:0,d0,
mp-766217,Sr4Cu2O7,bvanalyzer,Cu:+3;Sr:+2,Cu:8;Sr:0,other,
mp-7664,Na6ZnO4,bvanalyzer,Na:+1;Zn:+2,Na:0;Zn:10,d10,
mp-768223,Cs2CeO3,bvanalyzer,Ce:+4;Cs:+1,Ce:0;Cs:0,d0,
mp-768232,Rb3SbO3,bvanalyzer,Rb:+1;Sb:+3,Rb:0;Sb:10,d10,
mp-7688,Li2CdGeO4,bvanalyzer,Cd:+2;Ge:+4;Li:+1,Cd:10;Ge:10;Li:0,d10,
mp-768915,Na3AuO3,oxi_state_guesses,Au:+3;Na:+1,Au:8;Na:0,other,
mp-768976,Cs3ScO3,bvanalyzer,Cs:+1;Sc:+3,Cs:0;Sc:0,d0,
mp-769271,Sr4Ta2O9,bvanalyzer,Sr:+2;Ta:+5,Sr:0;Ta:0,d0,
mp-769971,BaGa4O7,bvanalyzer,Ba:+2;Ga:+3,Ba:0;Ga:10,d10,
mp-770408,Rb6Ti2O7,bvanalyzer,Rb:+1;Ti:+4,Rb:0;Ti:0,d0,
mp-770463,Cs3GaO3,bvanalyzer,Cs:+1;Ga:+3,Cs:0;Ga:10,d10,
mp-770771,SrSc2O4,bvanalyzer,Sc:+3;Sr:+2,Sc:0;Sr:0,d0,
mp-770815,Cs3YO3,bvanalyzer,Cs:+1;Y:+3,Cs:0;Y:0,d0,
mp-770846,Ba3Sn2O7,bvanalyzer,Ba:+2;Sn:+4,Ba:0;Sn:10,d10,
mp-772185,Li6Hf2O7,bvanalyzer,Hf:+4;Li:+1,Hf:0;Li:0,d0,
mp-772261,LaAsO4,bvanalyzer,As:+5;La:+3,As:10;La:0,d10,
mp-772290,LiAgO,bvanalyzer,Ag:+1;Li:+1,Ag:10;Li:0,d10,
mp-774702,Li3BiO4,bvanalyzer,Bi:+5;Li:+1,Bi:10;Li:0,d10,
mp-778152,Sc2Pt2O7,oxi_state_guesses,Pt:+4;Sc:+3,Pt:6;Sc:0,other,
mp-779287,La2HgO4,bvanalyzer,Hg:+2;La:+3,Hg:10;La:0,d10,
mp-781505,Ca3WO6,bvanalyzer,Ca:+2;W:+6,Ca:0;W:0,d0,
mp-782050,Ba4PdO6,bvanalyzer,Ba:+2;Pd:+4,Ba:0;Pd:6,other,
mp-7849,AlAsO4,bvanalyzer,Al:+3;As:+5,Al:0;As:10,d10,
mp-7863,Rb2Sn2O3,bvanalyzer,Rb:+1;Sn:+2,Rb:0;Sn:10,d10,
mp-7899,BaCdO2,bvanalyzer,Ba:+2;Cd:+2,Ba:0;Cd:10,d10,
mp-7911,KCuO,bvanalyzer,Cu:+1;K:+1,Cu:10;K:0,d10,
mp-7914,NaScO2,bvanalyzer,Na:+1;Sc:+3,Na:0;Sc:0,d0,
mp-7958,KLaO2,bvanalyzer,K:+1;La:+3,K:0;La:0,d0,
mp-7971,Ba4Li(SbO4)3,bvanalyzer,Ba:+2;Li:+1;Sb:+5,Ba:0;Li:0;Sb:10,d10,
mp-7972,RbLaO2,bvanalyzer,La:+3;Rb:+1,La:0;Rb:0,d0,
mp-8000,SrSn(BO3)2,bvanalyzer,B:+3;Sn:+4;Sr:+2,B:0;Sn:10;Sr:0,d10,
mp-8042,ZrGeO4,bvanalyzer,Ge:+4;Zr:+4,Ge:10;Zr:0,d10,
mp-8054,NaSc(GeO3)2,bvanalyzer,Ge:+4;Na:+1;Sc:+3,Ge:10;Na:0;Sc:0,d10,
mp-8058,YAsO4,bvanalyzer,As:+5;Y:+3,As:10;Y:0,d10,
mp-8070,Li2BeSiO4,bvanalyzer,Be:+2;Li:+1;Si:+4,Be:0;Li:0;Si:0,d0,
mp-8075,NaBe4SbO7,bvanalyzer,Be:+2;Na:+1;Sb:+5,Be:0;Na:0;Sb:10,d10,
mp-8076,Na3SbO3,bvanalyzer,Na:+1;Sb:+3,Na:0;Sb:10,d10,
mp-8184,Li2ZnGeO4,bvanalyzer,Ge:+4;Li:+1;Zn:+2,Ge:10;Li:0;Zn:10,d10,
mp-8187,K2ZnO2,bvanalyzer,K:+1;Zn:+2,K:0;Zn:10,d10,
mp-8188,KScO2,bvanalyzer,K:+1;Sc:+3,K:0;Sc:0,d0,
mp-8207,Zn(PtO2)3,oxi_state_guesses,Pt:+3.33333;Zn:+2,Pt:6.66667;Zn:10,other,
mp-8216,LaBO3,bvanalyzer,B:+3;La:+3,B:0;La:0,d0,
mp-8271,Ba2Ca(BO2)6,bvanalyzer,B:+3;Ba:+2;Ca:+2,B:0;Ba:0;Ca:0,d0,
mp-8294,Cs2Li2TiO4,bvanalyzer,Cs:+1;Li:+1;Ti:+4,Cs:0;Li:0;Ti:0,d0,
mp-8313,Cs2Li2GeO4,bvanalyzer,Cs:+1;Ge:+4;Li:+1,Cs:0;Ge:10;Li:0,d10,
mp-8314,Cs2NaAsO4,bvanalyzer,As:+5;Cs:+1;Na:+1,As:10;Cs:0;Na:0,d10,
mp-8335,Ba2ZrO4,bvanalyzer,Ba:+2;Zr:+4,Ba:0;Zr:0,d0,
mp-8376,MgAlBO4,bvanalyzer,Al:+3;B:+3;Mg:+2,Al:0;B:0;Mg:0,d0,
mp-8409,KYO2,bvanalyzer,K:+1;Y:+3,K:0;Y:0,d0,
mp-8449,Rb2Li2SiO4,bvanalyzer,Li:+1;Rb:+1;Si:+4,Li:0;Rb:0;Si:0,d0,
mp-8450,Rb2Li2GeO4,bvanalyzer,Ge:+4;Li:+1;Rb:+1,Ge:10;Li:0;Rb:0,d10,
mp-849527,Rb3InO3,bvanalyzer,In:+3;Rb:+1,In:10;Rb:0,d10,
mp-856,SnO2,bvanalyzer,Sn:+4,Sn:10,d10,
mp-8603,RbAgO,bvanalyzer,Ag:+1;Rb:+1,Ag:10;Rb:0,d10,
mp-8610,Li8PtO6,oxi_state_guesses,Li:+1;Pt:+4,Li:0;Pt:6,other,
mp-861868,KNaLaTaO5,bvanalyzer,K:+1;La:+3;Na:+1;Ta:+5,K:0;La:0;Na:0;Ta:0,d0,
mp-8624,K2Sn2O3,bvanalyzer,K:+1;Sn:+2,K:0;Sn:10,d10,
mp-863678,KZn4(SbO4)3,bvanalyzer,K:+1;Sb:+5;Zn:+2,K:0;Sb:10;Zn:10,d10,
mp-8666,CsAgO,bvanalyzer,Ag:+1;Cs:+1,Ag:10;Cs:0,d10,
mp-867300,Rb2Hf2O5,bvanalyzer,Hf:+4;Rb:+1,Hf:0;Rb:0,d0,
mp-867730,Cs2SnO3,bvanalyzer,Cs:+1;Sn:+4,Cs:0;Sn:10,d10,
mp-8697,ScBO3,bvanalyzer,B:+3;Sc:+3,B:0;Sc:0,d0,
mp-8710,Ca2Pt3O8,oxi_state_guesses,Ca:+2;Pt:+4,Ca:0;Pt:6,other,
mp-8727,Ba4PtO6,oxi_state_guesses,Ba:+2;Pt:+4,Ba:0;Pt:6,other,
mp-8759,Cs2ZrO3,bvanalyzer,Cs:+1;Zr:+4,Cs:0;Zr:0,d0,
mp-8789,Ca4As2O,bvanalyzer,Ca:+2,Ca:0,d0,
mp-8809,BaLa2PtO5,oxi_state_guesses,Ba:+2;La:+3;Pt:+2,Ba:0;La:0;Pt:8,other,
mp-886,Ga2O3,bvanalyzer,Ga:+3,Ga:10,d10,
mp-8871,CsNa2BO3,bvanalyzer,B:+3;Cs:+1;Na:+1,B:0;Cs:0;Na:0,d0,
mp-8872,RbNa2BO3,bvanalyzer,B:+3;Na:+1;Rb:+1,B:0;Na:0;Rb:0,d0,
mp-8873,LiGeBO4,bvanalyzer,B:+3;Ge:+4;Li:+1,B:0;Ge:10;Li:0,d10,
mp-8891,K2Zr(BO3)2,bvanalyzer,B:+3;K:+1;Zr:+4,B:0;K:0;Zr:0,d0,
mp-8922,Cd(SbO3)2,bvanalyzer,Cd:+2;Sb:+5,Cd:10;Sb:10,d10,
mp-8957,Na5TaO5,bvanalyzer,Na:+1;Ta:+5,Na:0;Ta:0,d0,
mp-8979,TaInO4,bvanalyzer,In:+3;Ta:+5,In:10;Ta:0,d10,
mp-9059,KLi6TaO6,bvanalyzer,K:+1;Li:+1;Ta:+5,K:0;Li:0;Ta:0,d0,
mp-9066,NaLi2AsO4,bvanalyzer,As:+5;Li:+1;Na:+1,As:10;Li:0;Na:0,d10,
mp-9113,CsBeAsO4,bvanalyzer,As:+5;Be:+2;Cs:+1,As:10;Be:0;Cs:0,d10,
mp-9125,Ca(SbO3)2,bvanalyzer,Ca:+2;Sb:+5,Ca:0;Sb:10,d10,
mp-9126,Sr(SbO3)2,bvanalyzer,Sb:+5;Sr:+2,Sb:10;Sr:0,d10,
mp-9127,Ba(SbO3)2,bvanalyzer,Ba:+2;Sb:+5,Ba:0;Sb:10,d10,
mp-9157,K3AlO3,bvanalyzer,Al:+3;K:+1,Al:0;K:0,d0,
mp-9172,Li4TiO4,bvanalyzer,Li:+1;Ti:+4,Li:0;Ti:0,d0,
mp-9197,Li3AsO4,bvanalyzer,As:+5;Li:+1,As:10;Li:0,d10,
mp-9212,NaAlO2,bvanalyzer,Al:+3;Na:+1,Al:0;Na:0,d0,
mp-9259,Ba2Mg(BO3)2,bvanalyzer,B:+3;Ba:+2;Mg:+2,B:0;Ba:0;Mg:0,d0,
mp-9297,Ba(AuO2)2,oxi_state_guesses,Au:+3;Ba:+2,Au:8;Ba:0,other,
mp-9298,Sr(AuO2)2,oxi_state_guesses,Au:+3;Sr:+2,Au:8;Sr:0,other,
mp-9309,CsTa(BO3)2,bvanalyzer,B:+3;Cs:+1;Ta:+5,B:0;Cs:0;Ta:0,d0,
mp-9338,Ba2MgSi2O7,bvanalyzer,Ba:+2;Mg:+2;Si:+4,Ba:0;Mg:0;Si:0,d0,
mp-9595,NbInO4,bvanalyzer,In:+3;Nb:+5,In:10;Nb:0,d10,
mp-9631,AlAgO2,bvanalyzer,Ag:+1;Al:+3,Ag:10;Al:0,d10,
mp-9650,MgTa2O6,bvanalyzer,Mg:+2;Ta:+5,Mg:0;Ta:0,d0,
mp-9655,Na4SnO4,bvanalyzer,Na:+1;Sn:+4,Na:0;Sn:10,d10,
mp-9657,LiAsO3,bvanalyzer,As:+5;Li:+1,As:10;Li:0,d10,
mp-971,K2O,bvanalyzer,K:+1,K:0,d0,
mp-972387,Sr2MgGe2O7,bvanalyzer,Ge:+4;Mg:+2;Sr:+2,Ge:10;Mg:0;Sr:0,d10,
mp-974482,K4Hf5O12,bvanalyzer,Hf:+4;K:+1,Hf:0;K:0,d0,
mp-9747,B4PbO7,bvanalyzer,B:+3;Pb:+2,B:0;Pb:10,d10,
mp-9749,Sr(BO2)2,bvanalyzer,B:+3;Sr:+2,B:0;Sr:0,d0,
mp-9751,Al2Ge2O7,bvanalyzer,Al:+3;Ge:+4,Al:0;Ge:10,d10,
mp-9755,HfGeO4,bvanalyzer,Ge:+4;Hf:+4,Ge:10;Hf:0,d10,
mp-978114,Sn5O6,oxi_state_guesses,Sn:+2.4,Sn:10,d10,
mp-9783,Ba3(AsO4)2,bvanalyzer,As:+5;Ba:+2,As:10;Ba:0,d10,
mp-9784,BaBAsO5,bvanalyzer,As:+5;B:+3;Ba:+2,As:10;B:0;Ba:0,d10,
mp-978857,SrHgO2,bvanalyzer,Hg:+2;Sr:+2,Hg:10;Sr:0,d10,
mp-9793,Ba3BAsO3,bvanalyzer,B:+3;Ba:+2,B:0;Ba:0,d0,
mp-981511,Y3SbO7,bvanalyzer,Sb:+5;Y:+3,Sb:10;Y:0,d10,
mp-983061,Sr(AsO3)2,bvanalyzer,As:+5;Sr:+2,As:10;Sr:0,d10,
mp-9870,K3Ta3(BO6)2,bvanalyzer,B:+3;K:+1;Ta:+5,B:0;K:0;Ta:0,d0,
mp-990440,Na2ZrO3,bvanalyzer,Na:+1;Zr:+4,Na:0;Zr:0,d0,
mp-996959,LiAuO2,oxi_state_guesses,Au:+3;Li:+1,Au:8;Li:0,other,
mp-996962,LiAgO2,bvanalyzer,Ag:+3;Li:+1,Ag:8;Li:0,other,
mp-996983,AgAuO2,oxi_state_guesses,Ag:+1;Au:+3,Ag:10;Au:8,other,
mp-997002,KAuO2,oxi_state_guesses,Au:+3;K:+1,Au:8;K:0,other,
mp-997024,CsAuO2,oxi_state_guesses,Au:+3;Cs:+1,Au:8;Cs:0,other,
mp-997036,CdAuO2,unassigned,,,unassigned,BVAnalyzer and oxi_state_guesses both failed
mp-997041,NaCuO2,bvanalyzer,Cu:+3;Na:+1,Cu:8;Na:0,other,
mp-997052,RbAgO2,bvanalyzer,Ag:+3;Rb:+1,Ag:8;Rb:0,other,
mp-997086,SrAgO2,bvanalyzer,Ag:+1;Sr:+2,Ag:10;Sr:0,d10,
mp-997088,KAgO2,bvanalyzer,Ag:+3;K:+1,Ag:8;K:0,other,
mp-997089,NaAuO2,oxi_state_guesses,Au:+3;Na:+1,Au:8;Na:0,other,
mp-998552,BaHfO3,bvanalyzer,Ba:+2;Hf:+4,Ba:0;Hf:0,d0,
mp-9986,CsAuO,unassigned,,,unassigned,BVAnalyzer and oxi_state_guesses both failed
mvc-15350,Ca2Sn3O8,bvanalyzer,Ca:+2;Sn:+4,Ca:0;Sn:10,d10,
mvc-6622,Mg(CuO2)2,bvanalyzer,Cu:+3;Mg:+2,Cu:8;Mg:0,other,
