table,rows,column,dtype,nulls,unique,min,max,examples,documented_in_readme
charge0.csv,1745,formula,str,0,824,,,"[""Ag2BiO3"", ""Ag2BiO3"", ""Ag2BiO3""]",True
charge0.csv,1745,full_name,str,0,1745,,,"[""Ag2BiO3_Va_O1"", ""Ag2BiO3_Va_O2"", ""Ag2BiO3_Va_O3""]",True
charge0.csv,1745,ave_ele_diele,float64,0,824,2.216010666666667,12.922059666666668,"[12.922059666666668, 12.922059666666668, 12.922059666666668]",False
charge0.csv,1745,ave_ion_diele,float64,0,824,0.6128313333333334,122.80267,"[11.664903333333331, 11.664903333333331, 11.664903333333331]",False
charge0.csv,1745,band_gap,float64,0,819,0.3137000000000003,7.4735,"[0.4495999999999993, 0.4495999999999993, 0.4495999999999993]",False
charge0.csv,1745,cbm_d,float64,0,799,0.0,0.9728954642059122,"[0.1048711605474428, 0.1048711605474428, 0.1048711605474428]",False
charge0.csv,1745,cbm_f,float64,0,92,0.0,0.9727339579150284,"[0.0, 0.0, 0.0]",False
charge0.csv,1745,cbm_p,float64,0,824,0.015871576511442,0.9961983113314984,"[0.6393214486049811, 0.6393214486049811, 0.6393214486049811]",False
charge0.csv,1745,cbm_s,float64,0,824,6.114667431908372e-09,0.8953836284255493,"[0.2558073908475758, 0.2558073908475758, 0.2558073908475758]",False
charge0.csv,1745,formation_energy,float64,0,824,-4.042177046363635,-0.457853579,"[-0.9207718288888884, -0.9207718288888884, -0.9207718288888884]",False
charge0.csv,1745,vbm_d,float64,0,804,0.0,0.8079296608358618,"[0.4197220105353449, 0.4197220105353449, 0.4197220105353449]",False
charge0.csv,1745,vbm_f,float64,0,92,0.0,0.1525067941999632,"[0.0, 0.0, 0.0]",False
charge0.csv,1745,vbm_p,float64,0,824,0.0896184431875463,0.997941234044834,"[0.4886393877144873, 0.4886393877144873, 0.4886393877144873]",False
charge0.csv,1745,vbm_s,float64,0,824,0.0006487480257043,0.4504811545229273,"[0.0916386017501673, 0.0916386017501673, 0.0916386017501673]",False
charge0.csv,1745,ave_bec,float64,0,1744,-3.400723333333333,-0.85086,"[-2.3186166666666668, -2.491476666666667, -2.24946]",False
charge0.csv,1745,bader_charge,float64,0,1744,-2.2259340000000005,1.6423709999999998,"[-1.33899, -1.3225319999999998, -1.2783119999999997]",False
charge0.csv,1745,bader_volume,float64,0,1745,7.692574,26.855889,"[15.993049, 13.846707, 13.43845]",False
charge0.csv,1745,nn_ave_ave_bec,float64,0,1745,0.000338313958987,2.4900485149468903,"[1.7379205091890484, 1.507305638493373, 1.5759115282654594]",False
charge0.csv,1745,nn_ave_bader_charge,float64,0,1745,-0.7236124735650782,1.6960362217209797,"[0.9791650761390974, 0.8532040012330449, 0.8777926616079049]",False
charge0.csv,1745,nn_ave_eleneg,float64,0,1744,0.82,3.016031172418905,"[2.2889819512441867, 2.294549722669377, 2.2652260903669967]",False
charge0.csv,1745,nn_max_ave_bec,float64,0,935,0.7461266666666667,8.90472,"[5.072610000000001, 5.072610000000001, 5.072610000000001]",False
charge0.csv,1745,nn_max_bader_charge,float64,0,1160,-0.5157720000000001,3.521929,"[3.076569, 3.076569, 3.074522]",False
charge0.csv,1745,nn_max_eleneg,float64,0,39,0.82,3.44,"[2.02, 2.02, 2.02]",False
charge0.csv,1745,nn_min_ave_bec,float64,0,1204,-3.3841099999999997,6.081979999999999,"[1.0425766666666667, 1.0425766666666667, 1.0425766666666667]",False
charge0.csv,1745,nn_min_bader_charge,float64,0,1415,-3.588558000000001,2.881183,"[0.5549809999999997, 0.5860850000000006, 0.5498969999999996]",False
charge0.csv,1745,nn_min_eleneg,float64,0,38,0.79,2.54,"[1.93, 1.93, 1.93]",False
charge0.csv,1745,o2p_center_from_vbm,float64,0,1745,0.3385650409912411,6.843287776955761,"[3.1226430495135507, 3.63038471462147, 3.5244642768484287]",False
charge0.csv,1745,Bi,float64,0,102,0.0,0.645630831979334,"[0.3670421883801414, 0.309797636414665, 0.3143966550106541]",False
charge0.csv,1745,Ag,float64,0,45,0.0,0.6658560650140112,"[0.4170981067920613, 0.4672434659747013, 0.482338185111175]",False
charge0.csv,1745,O,float64,0,1684,0.0,0.7246955665057825,"[0.2158597048277973, 0.2229588976106337, 0.2032651598781708]",False
charge0.csv,1745,vacancy_formation_energy,float64,0,1745,1.4102764599999862,8.30312582,"[1.636971740000158, 2.3498697200001377, 2.222248000000386]",True
charge0.csv,1745,Hg,float64,0,28,0.0,0.9327950538640812,"[0.0, 0.0, 0.0]",False
charge0.csv,1745,Au,float64,0,34,0.0,0.6740643425871602,"[0.0, 0.0, 0.0]",False
charge0.csv,1745,Ge,float64,0,156,0.0,0.5,"[0.0, 0.0, 0.0]",False
charge0.csv,1745,Al,float64,0,87,0.0,0.7050882619507826,"[0.0, 0.0, 0.0]",False
charge0.csv,1745,Pb,float64,0,95,0.0,0.6553611561639417,"[0.0, 0.0, 0.0]",False
charge0.csv,1745,Zn,float64,0,98,0.0,0.9522213200787236,"[0.0, 0.0, 0.0]",False
charge0.csv,1745,As,float64,0,122,0.0,0.6332560916813361,"[0.0, 0.0, 0.0]",False
charge0.csv,1745,Cu,float64,0,31,0.0,0.6659932586108891,"[0.0, 0.0, 0.0]",False
charge0.csv,1745,Sb,float64,0,132,0.0,0.6440710488187374,"[0.0, 0.0, 0.0]",False
charge0.csv,1745,Mo,float64,0,44,0.0,0.3023860349600005,"[0.0, 0.0, 0.0]",False
charge0.csv,1745,Tl,float64,0,63,0.0,0.6674306541867255,"[0.0, 0.0, 0.0]",False
charge0.csv,1745,B,float64,0,157,0.0,0.9131785783098798,"[0.0, 0.0, 0.0]",False
charge0.csv,1745,Ba,float64,0,209,0.0,0.6643421626648437,"[0.0, 0.0, 0.0]",False
charge0.csv,1745,Ca,float64,0,129,0.0,1.0,"[0.0, 0.0, 0.0]",False
charge0.csv,1745,Pd,float64,0,13,0.0,0.6131567033977403,"[0.0, 0.0, 0.0]",False
charge0.csv,1745,Cd,float64,0,60,0.0,0.840053184493934,"[0.0, 0.0, 0.0]",False
charge0.csv,1745,Pt,float64,0,25,0.0,0.6141344258276058,"[0.0, 0.0, 0.0]",False
charge0.csv,1745,Ce,float64,0,8,0.0,0.3640124033190675,"[0.0, 0.0, 0.0]",False
charge0.csv,1745,Hf,float64,0,32,0.0,0.5386945764042637,"[0.0, 0.0, 0.0]",False
charge0.csv,1745,In,float64,0,60,0.0,0.6413494806180025,"[0.0, 0.0, 0.0]",False
charge0.csv,1745,Ga,float64,0,92,0.0,0.7157685159760421,"[0.0, 0.0, 0.0]",False
charge0.csv,1745,La,float64,0,92,0.0,0.7498861531321219,"[0.0, 0.0, 0.0]",False
charge0.csv,1745,Ta,float64,0,96,0.0,0.4544104886967365,"[0.0, 0.0, 0.0]",False
charge0.csv,1745,Mg,float64,0,96,0.0,1.0,"[0.0, 0.0, 0.0]",False
charge0.csv,1745,Si,float64,0,187,0.0,0.5004592452005782,"[0.0, 0.0, 0.0]",False
charge0.csv,1745,Sc,float64,0,73,0.0,0.5158837360079604,"[0.0, 0.0, 0.0]",False
charge0.csv,1745,Sn,float64,0,75,0.0,0.7090965147823785,"[0.0, 0.0, 0.0]",False
charge0.csv,1745,Ti,float64,0,56,0.0,0.5745795203810081,"[0.0, 0.0, 0.0]",False
charge0.csv,1745,Y,float64,0,79,0.0,0.6587032808909932,"[0.0, 0.0, 0.0]",False
charge0.csv,1745,Zr,float64,0,43,0.0,0.5389956615406771,"[0.0, 0.0, 0.0]",False
charge0.csv,1745,Nb,float64,0,58,0.0,0.4639604816771717,"[0.0, 0.0, 0.0]",False
charge0.csv,1745,Na,float64,0,264,0.0,0.8404627441390767,"[0.0, 0.0, 0.0]",False
charge0.csv,1745,Sr,float64,0,168,0.0,1.0000000000000002,"[0.0, 0.0, 0.0]",False
charge0.csv,1745,V,float64,0,86,0.0,0.523032080617445,"[0.0, 0.0, 0.0]",False
charge0.csv,1745,Li,float64,0,215,0.0,1.0,"[0.0, 0.0, 0.0]",False
charge0.csv,1745,Be,float64,0,55,0.0,0.9280618495095424,"[0.0, 0.0, 0.0]",False
charge0.csv,1745,W,float64,0,85,0.0,0.3315590121936643,"[0.0, 0.0, 0.0]",False
charge0.csv,1745,Cr,float64,0,22,0.0,0.2584136178326371,"[0.0, 0.0, 0.0]",False
charge0.csv,1745,Cs,float64,0,137,0.0,0.750471718179506,"[0.0, 0.0, 0.0]",False
charge0.csv,1745,K,float64,0,189,0.0,1.0,"[0.0, 0.0, 0.0]",False
charge0.csv,1745,Re,float64,0,12,0.0,0.2753044334942175,"[0.0, 0.0, 0.0]",False
charge0.csv,1745,Rb,float64,0,149,0.0,1.0,"[0.0, 0.0, 0.0]",False
charge1.csv,1689,formula,str,0,764,,,"[""Al2Ge2O7"", ""Al2Ge2O7"", ""Al2Ge2O7""]",True
charge1.csv,1689,full_name,str,0,1689,,,"[""Al2Ge2O7_Va_O1"", ""Al2Ge2O7_Va_O2"", ""Al2Ge2O7_Va_O3""]",True
charge1.csv,1689,ave_ele_diele,float64,0,764,2.216010666666667,12.644856,"[3.204407, 3.204407, 3.204407]",False
charge1.csv,1689,ave_ion_diele,float64,0,764,1.6006030000000002,122.80267,"[4.862990666666667, 4.862990666666667, 4.862990666666667]",False
charge1.csv,1689,band_gap,float64,0,760,0.4393,7.4735,"[3.2978, 3.2978, 3.2978]",False
charge1.csv,1689,cbm_d,float64,0,740,0.0,0.9728954642059122,"[0.001531569105471, 0.001531569105471, 0.001531569105471]",False
charge1.csv,1689,cbm_f,float64,0,90,0.0,0.9727339579150284,"[0.0, 0.0, 0.0]",False
charge1.csv,1689,cbm_p,float64,0,764,0.015871576511442,0.9961983113314984,"[0.2937459677722333, 0.2937459677722333, 0.2937459677722333]",False
charge1.csv,1689,cbm_s,float64,0,764,0.0,0.8953836284255493,"[0.7047224631222961, 0.7047224631222961, 0.7047224631222961]",False
charge1.csv,1689,formation_energy,float64,0,764,-4.042177046363635,-0.5198922095320198,"[-2.702367327272727, -2.702367327272727, -2.702367327272727]",False
charge1.csv,1689,vbm_d,float64,0,745,0.0,0.8003157116214493,"[0.0215085013969584, 0.0215085013969584, 0.0215085013969584]",False
charge1.csv,1689,vbm_f,float64,0,90,0.0,0.1525067941999632,"[0.0, 0.0, 0.0]",False
charge1.csv,1689,vbm_p,float64,0,764,0.1678562026238547,0.997941234044834,"[0.9718579715966223, 0.9718579715966223, 0.9718579715966223]",False
charge1.csv,1689,vbm_s,float64,0,764,0.0006487480257043,0.4504811545229273,"[0.006633527006419, 0.006633527006419, 0.006633527006419]",False
charge1.csv,1689,ave_bec,float64,0,1688,-3.4577900000000006,-0.85566,"[-1.8875366666666669, -1.90103, -1.73212]",False
charge1.csv,1689,bader_charge,float64,0,1688,-1.7963699999999996,0.3938220000000001,"[-1.193829, -1.2368370000000004, -1.1317709999999996]",False
charge1.csv,1689,bader_volume,float64,0,1689,6.879803,26.855889,"[12.641344, 12.960881, 15.599957]",False
charge1.csv,1689,nn_ave_ave_bec,float64,0,1689,-0.2917188514094974,2.941117191463528,"[1.2399253377899504, 1.2735835225103402, 0.7798758860914605]",False
charge1.csv,1689,nn_ave_bader_charge,float64,0,1689,0.0450451775848115,1.6960362217209797,"[0.8248410295275174, 0.8429595564578923, 0.4750407924435068]",False
charge1.csv,1689,nn_ave_eleneg,float64,0,1687,0.791201310070498,3.076178585178611,"[2.406341895839076, 2.3974576458626684, 2.72604428315262]",False
charge1.csv,1689,nn_max_ave_bec,float64,0,882,0.89562,10.1278,"[3.4584333333333332, 3.4584333333333332, 3.4584333333333332]",False
charge1.csv,1689,nn_max_bader_charge,float64,0,1104,0.5480929999999997,3.521929,"[2.216851, 2.216851, 2.216959]",False
charge1.csv,1689,nn_max_eleneg,float64,0,41,0.79,3.44,"[3.44, 3.44, 3.44]",False
charge1.csv,1689,nn_min_ave_bec,float64,0,1143,-3.3841099999999997,6.081979999999999,"[-1.90103, -1.8875366666666669, -1.7285700000000002]",False
charge1.csv,1689,nn_min_bader_charge,float64,0,1358,-1.7505249999999997,2.881183,"[-1.2368880000000004, -1.1942149999999998, -1.207008]",False
charge1.csv,1689,nn_min_eleneg,float64,0,36,0.79,2.36,"[1.61, 1.61, 2.01]",False
charge1.csv,1689,o2p_center_from_vbm,float64,0,1689,0.3385650409912411,5.7315294788507956,"[3.103427181710611, 3.101687405729366, 2.596100957120228]",False
charge1.csv,1689,O,float64,0,1630,0.0,0.7246955665057825,"[0.3821967891620815, 0.37672783681692, 0.5069556605513958]",False
charge1.csv,1689,Ge,float64,0,148,0.0,0.5,"[0.2423044291811672, 0.2451142612192609, 0.4707885608589151]",False
charge1.csv,1689,Al,float64,0,88,0.0,0.7050882619507826,"[0.3754987816567512, 0.3781579019638191, 0.0222557785896891]",False
charge1.csv,1689,vacancy_formation_energy,float64,0,1689,0.072765432493518,5.395552872589185,"[3.2180111249679175, 3.139259375311791, 2.8772777273070815]",True
charge1.csv,1689,Pb,float64,0,88,0.0,0.6553611561639417,"[0.0, 0.0, 0.0]",False
charge1.csv,1689,Zn,float64,0,98,0.0,0.9522213200787236,"[0.0, 0.0, 0.0]",False
charge1.csv,1689,Bi,float64,0,82,0.0,0.645630831979334,"[0.0, 0.0, 0.0]",False
charge1.csv,1689,Ag,float64,0,19,0.0,0.591446865884147,"[0.0, 0.0, 0.0]",False
charge1.csv,1689,As,float64,0,103,0.0,0.6332560916813361,"[0.0, 0.0, 0.0]",False
charge1.csv,1689,Cu,float64,0,24,0.0,0.606296674425794,"[0.0, 0.0, 0.0]",False
charge1.csv,1689,Sb,float64,0,124,0.0,0.6440710488187374,"[0.0, 0.0, 0.0]",False
charge1.csv,1689,Mo,float64,0,48,0.0,0.3023860349600005,"[0.0, 0.0, 0.0]",False
charge1.csv,1689,Tl,float64,0,54,0.0,0.5648002566979491,"[0.0, 0.0, 0.0]",False
charge1.csv,1689,B,float64,0,158,0.0,0.6925426949310644,"[0.0, 0.0, 0.0]",False
charge1.csv,1689,Ba,float64,0,224,0.0,1.0000000000000002,"[0.0, 0.0, 0.0]",False
charge1.csv,1689,Ca,float64,0,125,0.0,1.0,"[0.0, 0.0, 0.0]",False
charge1.csv,1689,W,float64,0,109,0.0,0.3199140348729619,"[0.0, 0.0, 0.0]",False
charge1.csv,1689,Cd,float64,0,51,0.0,0.840053184493934,"[0.0, 0.0, 0.0]",False
charge1.csv,1689,Pt,float64,0,6,0.0,0.2200507309790807,"[0.0, 0.0, 0.0]",False
charge1.csv,1689,Ce,float64,0,10,0.0,0.3640124033190675,"[0.0, 0.0, 0.0]",False
charge1.csv,1689,Hf,float64,0,33,0.0,0.5386945764042637,"[0.0, 0.0, 0.0]",False
charge1.csv,1689,In,float64,0,54,0.0,0.6413494806180025,"[0.0, 0.0, 0.0]",False
charge1.csv,1689,Ga,float64,0,89,0.0,0.7157685159760421,"[0.0, 0.0, 0.0]",False
charge1.csv,1689,La,float64,0,94,0.0,0.8004788604376578,"[0.0, 0.0, 0.0]",False
charge1.csv,1689,Ta,float64,0,103,0.0,0.4544104886967365,"[0.0, 0.0, 0.0]",False
charge1.csv,1689,Mg,float64,0,104,0.0,1.0,"[0.0, 0.0, 0.0]",False
charge1.csv,1689,Si,float64,0,182,0.0,0.5004592452005782,"[0.0, 0.0, 0.0]",False
charge1.csv,1689,Sc,float64,0,85,0.0,0.6097028627822006,"[0.0, 0.0, 0.0]",False
charge1.csv,1689,Sn,float64,0,71,0.0,0.7090965147823785,"[0.0, 0.0, 0.0]",False
charge1.csv,1689,Sr,float64,0,168,0.0,1.0000000000000002,"[0.0, 0.0, 0.0]",False
charge1.csv,1689,Ti,float64,0,61,0.0,0.5745795203810081,"[0.0, 0.0, 0.0]",False
charge1.csv,1689,Y,float64,0,88,0.0,0.6587032808909932,"[0.0, 0.0, 0.0]",False
charge1.csv,1689,Zr,float64,0,46,0.0,0.5389956615406771,"[0.0, 0.0, 0.0]",False
charge1.csv,1689,Nb,float64,0,69,0.0,0.3506847631993164,"[0.0, 0.0, 0.0]",False
charge1.csv,1689,Na,float64,0,244,0.0,0.8404627441390767,"[0.0, 0.0, 0.0]",False
charge1.csv,1689,V,float64,0,96,0.0,0.523032080617445,"[0.0, 0.0, 0.0]",False
charge1.csv,1689,Au,float64,0,9,0.0,0.2469934562819807,"[0.0, 0.0, 0.0]",False
charge1.csv,1689,Li,float64,0,209,0.0,1.0,"[0.0, 0.0, 0.0]",False
charge1.csv,1689,Be,float64,0,55,0.0,0.9280618495095424,"[0.0, 0.0, 0.0]",False
charge1.csv,1689,Hg,float64,0,20,0.0,0.4751667964682799,"[0.0, 0.0, 0.0]",False
charge1.csv,1689,Pd,float64,0,5,0.0,0.6131567033977403,"[0.0, 0.0, 0.0]",False
charge1.csv,1689,Cr,float64,0,27,0.0,0.2603724519155567,"[0.0, 0.0, 0.0]",False
charge1.csv,1689,Cs,float64,0,140,0.0,0.9991357481507211,"[0.0, 0.0, 0.0]",False
charge1.csv,1689,K,float64,0,180,0.0,1.0,"[0.0, 0.0, 0.0]",False
charge1.csv,1689,Re,float64,0,8,0.0,0.2753044334942175,"[0.0, 0.0, 0.0]",False
charge1.csv,1689,Rb,float64,0,152,0.0,1.0,"[0.0, 0.0, 0.0]",False
charge2.csv,1613,formula,str,0,750,,,"[""Al2Ge2O7"", ""Al2Ge2O7"", ""Al2Ge2O7""]",True
charge2.csv,1613,full_name,str,0,1613,,,"[""Al2Ge2O7_Va_O1"", ""Al2Ge2O7_Va_O2"", ""Al2Ge2O7_Va_O4""]",True
charge2.csv,1613,ave_ele_diele,float64,0,750,2.216010666666667,18.746252333333334,"[3.204407, 3.204407, 3.204407]",False
charge2.csv,1613,ave_ion_diele,float64,0,750,1.6673466666666668,215.775892,"[4.862990666666667, 4.862990666666667, 4.862990666666667]",False
charge2.csv,1613,band_gap,float64,0,746,0.3571999999999997,7.4735,"[3.2978, 3.2978, 3.2978]",False
charge2.csv,1613,cbm_d,float64,0,727,0.0,0.9728954642059122,"[0.001531569105471, 0.001531569105471, 0.001531569105471]",False
charge2.csv,1613,cbm_f,float64,0,91,0.0,0.9727339579150284,"[0.0, 0.0, 0.0]",False
charge2.csv,1613,cbm_p,float64,0,750,0.015871576511442,0.9966357335699768,"[0.2937459677722333, 0.2937459677722333, 0.2937459677722333]",False
charge2.csv,1613,cbm_s,float64,0,750,0.0,0.8953836284255493,"[0.7047224631222961, 0.7047224631222961, 0.7047224631222961]",False
charge2.csv,1613,formation_energy,float64,0,750,-4.042177046363635,-0.5198922095320198,"[-2.702367327272727, -2.702367327272727, -2.702367327272727]",False
charge2.csv,1613,vbm_d,float64,0,732,0.0,0.7484965123835398,"[0.0215085013969584, 0.0215085013969584, 0.0215085013969584]",False
charge2.csv,1613,vbm_f,float64,0,91,0.0,0.1273893982628285,"[0.0, 0.0, 0.0]",False
charge2.csv,1613,vbm_p,float64,0,750,0.1678562026238547,0.997941234044834,"[0.9718579715966223, 0.9718579715966223, 0.9718579715966223]",False
charge2.csv,1613,vbm_s,float64,0,750,0.0009723346379172,0.4504811545229273,"[0.006633527006419, 0.006633527006419, 0.006633527006419]",False
charge2.csv,1613,ave_bec,float64,0,1613,-3.802046666666667,-0.9780366666666668,"[-1.8875366666666669, -1.90103, -1.7285700000000002]",False
charge2.csv,1613,bader_charge,float64,0,1613,-1.7963699999999996,0.3938220000000001,"[-1.193829, -1.2368370000000004, -1.206664]",False
charge2.csv,1613,bader_volume,float64,0,1613,6.879803,24.19149,"[12.641344, 12.960881, 15.425847]",False
charge2.csv,1613,nn_ave_ave_bec,float64,0,1613,0.0838814594590914,2.7677200000000006,"[1.2399253377899504, 1.2735835225103402, 0.760271318035256]",False
charge2.csv,1613,nn_ave_bader_charge,float64,0,1613,-0.7236124735650782,1.6960362217209797,"[0.8248410295275174, 0.8429595564578923, 0.5005306876201228]",False
charge2.csv,1613,nn_ave_eleneg,float64,0,1611,0.791201310070498,2.930273060929127,"[2.406341895839076, 2.3974576458626684, 2.6131783167219456]",False
charge2.csv,1613,nn_max_ave_bec,float64,0,863,0.89562,10.1278,"[3.4584333333333332, 3.4584333333333332, 3.4584333333333332]",False
charge2.csv,1613,nn_max_bader_charge,float64,0,1072,-0.0899450000000001,3.521929,"[2.216851, 2.216851, 2.216851]",False
charge2.csv,1613,nn_max_eleneg,float64,0,39,0.79,3.44,"[3.44, 3.44, 3.44]",False
charge2.csv,1613,nn_min_ave_bec,float64,0,1098,-3.802046666666667,8.136876666666668,"[-1.90103, -1.8875366666666669, -1.73212]",False
charge2.csv,1613,nn_min_bader_charge,float64,0,1315,-1.7505249999999997,2.881183,"[-1.2368880000000004, -1.1942149999999998, -1.207008]",False
charge2.csv,1613,nn_min_eleneg,float64,0,36,0.79,2.36,"[1.61, 1.61, 1.61]",False
charge2.csv,1613,o2p_center_from_vbm,float64,0,1613,0.3385650409912411,5.7315294788507956,"[3.103427181710611, 3.101687405729366, 2.043769290199058]",False
charge2.csv,1613,O,float64,0,1569,0.0,0.6982224097442514,"[0.3821967891620815, 0.37672783681692, 0.4875975437453005]",False
charge2.csv,1613,Ge,float64,0,142,0.0,0.494972317137103,"[0.2423044291811672, 0.2451142612192609, 0.2771870291701144]",False
charge2.csv,1613,Al,float64,0,78,0.0,0.7050882619507826,"[0.3754987816567512, 0.3781579019638191, 0.2352154270845852]",False
charge2.csv,1613,vacancy_formation_energy,float64,0,1613,-3.792040638866559,5.685230831825043,"[-0.0150423495906109, 0.1390484039343733, 1.0379799850548563]",True
charge2.csv,1613,Pb,float64,0,85,0.0,0.6553611561639417,"[0.0, 0.0, 0.0]",False
charge2.csv,1613,Zn,float64,0,93,0.0,0.9522213200787236,"[0.0, 0.0, 0.0]",False
charge2.csv,1613,Bi,float64,0,82,0.0,0.6748737925234464,"[0.0, 0.0, 0.0]",False
charge2.csv,1613,Ag,float64,0,15,0.0,0.591446865884147,"[0.0, 0.0, 0.0]",False
charge2.csv,1613,Cu,float64,0,11,0.0,0.5985656117784854,"[0.0, 0.0, 0.0]",False
charge2.csv,1613,Sb,float64,0,136,0.0,0.6440710488187374,"[0.0, 0.0, 0.0]",False
charge2.csv,1613,As,float64,0,84,0.0,0.6332560916813361,"[0.0, 0.0, 0.0]",False
charge2.csv,1613,B,float64,0,139,0.0,0.6925426949310644,"[0.0, 0.0, 0.0]",False
charge2.csv,1613,Ba,float64,0,227,0.0,1.0000000000000002,"[0.0, 0.0, 0.0]",False
charge2.csv,1613,Ca,float64,0,116,0.0,1.0,"[0.0, 0.0, 0.0]",False
charge2.csv,1613,W,float64,0,117,0.0,0.333490280048596,"[0.0, 0.0, 0.0]",False
charge2.csv,1613,Cd,float64,0,64,0.0,0.840053184493934,"[0.0, 0.0, 0.0]",False
charge2.csv,1613,Hf,float64,0,29,0.0,0.5386945764042637,"[0.0, 0.0, 0.0]",False
charge2.csv,1613,In,float64,0,65,0.0,0.6413494806180025,"[0.0, 0.0, 0.0]",False
charge2.csv,1613,Ga,float64,0,90,0.0,0.7157685159760421,"[0.0, 0.0, 0.0]",False
charge2.csv,1613,La,float64,0,97,0.0,0.6789912190127949,"[0.0, 0.0, 0.0]",False
charge2.csv,1613,Ta,float64,0,130,0.0,0.4544104886967365,"[0.0, 0.0, 0.0]",False
charge2.csv,1613,Li,float64,0,191,0.0,1.0,"[0.0, 0.0, 0.0]",False
charge2.csv,1613,Re,float64,0,13,0.0,0.1995078529523705,"[0.0, 0.0, 0.0]",False
charge2.csv,1613,Mg,float64,0,105,0.0,1.0,"[0.0, 0.0, 0.0]",False
charge2.csv,1613,Mo,float64,0,26,0.0,0.3115969509028574,"[0.0, 0.0, 0.0]",False
charge2.csv,1613,Si,float64,0,163,0.0,0.5004592452005782,"[0.0, 0.0, 0.0]",False
charge2.csv,1613,Sc,float64,0,81,0.0,0.6097028627822006,"[0.0, 0.0, 0.0]",False
charge2.csv,1613,Nb,float64,0,89,0.0,0.4540186279590361,"[0.0, 0.0, 0.0]",False
charge2.csv,1613,Sn,float64,0,65,0.0,0.7090965147823785,"[0.0, 0.0, 0.0]",False
charge2.csv,1613,Sr,float64,0,177,0.0,1.0000000000000002,"[0.0, 0.0, 0.0]",False
charge2.csv,1613,Ti,float64,0,76,0.0,0.5745795203810081,"[0.0, 0.0, 0.0]",False
charge2.csv,1613,Y,float64,0,81,0.0,0.6587032808909932,"[0.0, 0.0, 0.0]",False
charge2.csv,1613,Zr,float64,0,42,0.0,0.5389956615406771,"[0.0, 0.0, 0.0]",False
charge2.csv,1613,Na,float64,0,223,0.0,0.8404627441390767,"[0.0, 0.0, 0.0]",False
charge2.csv,1613,V,float64,0,59,0.0,0.523032080617445,"[0.0, 0.0, 0.0]",False
charge2.csv,1613,Be,float64,0,46,0.0,0.9280618495095424,"[0.0, 0.0, 0.0]",False
charge2.csv,1613,Ce,float64,0,9,0.0,0.3640124033190675,"[0.0, 0.0, 0.0]",False
charge2.csv,1613,Pd,float64,0,3,0.0,0.2206305294865952,"[0.0, 0.0, 0.0]",False
charge2.csv,1613,Cr,float64,0,6,0.0,0.2562988667631941,"[0.0, 0.0, 0.0]",False
charge2.csv,1613,Cs,float64,0,111,0.0,0.9991357481507211,"[0.0, 0.0, 0.0]",False
charge2.csv,1613,Au,float64,0,3,0.0,0.0374117673034495,"[0.0, 0.0, 0.0]",False
charge2.csv,1613,Tl,float64,0,58,0.0,0.9644212926930354,"[0.0, 0.0, 0.0]",False
charge2.csv,1613,Hg,float64,0,18,0.0,0.5076002960707147,"[0.0, 0.0, 0.0]",False
charge2.csv,1613,K,float64,0,163,0.0,1.0,"[0.0, 0.0, 0.0]",False
charge2.csv,1613,Rb,float64,0,116,0.0,1.0,"[0.0, 0.0, 0.0]",False
test_w_PHS.txt,140,formula,object,0,140,,,"[""Ag2HgO2"", ""AlSbO4"", ""B4PbO7""]",False
test_wo_PHS.txt,139,formula,object,0,139,,,"[""Ag2HgO2"", ""AlSbO4"", ""B4PbO7""]",False
train_w_PHS.txt,646,formula,object,0,646,,,"[""Al2Ge2O7"", ""Al2O3"", ""Al2PbO4""]",False
train_wo_PHS.txt,646,formula,object,0,646,,,"[""Al2Ge2O7"", ""Al2O3"", ""Al2PbO4""]",False
val_w_PHS.txt,138,formula,object,0,138,,,"[""Ag2BiO3"", ""AgAuO2"", ""AlCuO2""]",False
val_wo_PHS.txt,138,formula,object,0,138,,,"[""Ag2BiO3"", ""AgAuO2"", ""AlCuO2""]",False
