name,definition,units,level,class,deployment_cost,leakage_flag,evidence,locator
ave_ele_diele,"Spherically averaged electronic (ion-clamped) dielectric constant of the pristine host, from DFPT.",dimensionless,host,host-electronic DFT,pristine unit-cell DFT,no,"recomputed exactly from pristine unit-cell data in bulk_visual_data.json (max abs diff 1.8e-15, 1745/1745 rows); identical across q=0,+1,+2 CSVs","K21 Sec. II I (PRM 5, 123803, p. 3), three descriptor types"
ave_ion_diele,"Spherically averaged ionic dielectric constant of the pristine host, from DFPT.",dimensionless,host,host-electronic DFT,pristine unit-cell DFT,no,"recomputed exactly from pristine unit-cell data in bulk_visual_data.json (max abs diff 1.4e-14, 1745/1745 rows); identical across q=0,+1,+2 CSVs","K21 Sec. II I (PRM 5, 123803, p. 3), three descriptor types"
band_gap,Band gap of the pristine host from the PBEsol(+U) calculation; not the nsc-dd hybrid gap.,eV,host,host-electronic DFT,pristine unit-cell DFT,no,"equals bulk_visual_data gga_band_gap exactly (max abs diff 8.9e-16, 1745/1745 rows); differs from the hybrid band_gap field by up to 4.8 eV; identical across q",K21 Sec. II I (PBEsol(+U) band gap); K21 Sec. III A for the hybrid gap
cbm_d,Fraction of d-orbital character in the pristine host's conduction-band minimum state (projection ratio).,dimensionless,host,host-electronic DFT,pristine unit-cell DFT,no,"identical across q=0,+1,+2 CSVs (70/70 columns, max diff <1e-9); K21 classes it as a pristine-host or on-site property; no pristine counterpart is shipped, so not recomputed","K21 Sec. II I (PRM 5, 123803, p. 3), three descriptor types; ratios of i-orbital components at VBM and CBM"
cbm_f,Fraction of f-orbital character in the pristine host's conduction-band minimum state (projection ratio).,dimensionless,host,host-electronic DFT,pristine unit-cell DFT,no,"identical across q=0,+1,+2 CSVs (70/70 columns, max diff <1e-9); K21 classes it as a pristine-host or on-site property; no pristine counterpart is shipped, so not recomputed","K21 Sec. II I (PRM 5, 123803, p. 3), three descriptor types; ratios of i-orbital components at VBM and CBM"
cbm_p,Fraction of p-orbital character in the pristine host's conduction-band minimum state (projection ratio).,dimensionless,host,host-electronic DFT,pristine unit-cell DFT,no,"identical across q=0,+1,+2 CSVs (70/70 columns, max diff <1e-9); K21 classes it as a pristine-host or on-site property; no pristine counterpart is shipped, so not recomputed","K21 Sec. II I (PRM 5, 123803, p. 3), three descriptor types; ratios of i-orbital components at VBM and CBM"
cbm_s,Fraction of s-orbital character in the pristine host's conduction-band minimum state (projection ratio).,dimensionless,host,host-electronic DFT,pristine unit-cell DFT,no,"identical across q=0,+1,+2 CSVs (70/70 columns, max diff <1e-9); K21 classes it as a pristine-host or on-site property; no pristine counterpart is shipped, so not recomputed","K21 Sec. II I (PRM 5, 123803, p. 3), three descriptor types; ratios of i-orbital components at VBM and CBM"
formation_energy,Host formation energy per atom retrieved from the Materials Project database (empirically corrected). NOT the vacancy target.,eV/atom,host,host-electronic DFT,tabulated pristine-DFT value (lookup) or pristine unit-cell total energies,"naming hazard: same word as the target, host property only","identical across q=0,+1,+2 CSVs (70/70 columns, max diff <1e-9); K21 classes it as a pristine-host or on-site property; no pristine counterpart is shipped, so not recomputed",K21 Sec. II A and II I (retrieved from the MPD)
vbm_d,Fraction of d-orbital character in the pristine host's valence-band maximum state (projection ratio).,dimensionless,host,host-electronic DFT,pristine unit-cell DFT,no,"identical across q=0,+1,+2 CSVs (70/70 columns, max diff <1e-9); K21 classes it as a pristine-host or on-site property; no pristine counterpart is shipped, so not recomputed","K21 Sec. II I (PRM 5, 123803, p. 3), three descriptor types; ratios of i-orbital components at VBM and CBM"
vbm_f,Fraction of f-orbital character in the pristine host's valence-band maximum state (projection ratio).,dimensionless,host,host-electronic DFT,pristine unit-cell DFT,no,"identical across q=0,+1,+2 CSVs (70/70 columns, max diff <1e-9); K21 classes it as a pristine-host or on-site property; no pristine counterpart is shipped, so not recomputed","K21 Sec. II I (PRM 5, 123803, p. 3), three descriptor types; ratios of i-orbital components at VBM and CBM"
vbm_p,Fraction of p-orbital character in the pristine host's valence-band maximum state (projection ratio).,dimensionless,host,host-electronic DFT,pristine unit-cell DFT,no,"identical across q=0,+1,+2 CSVs (70/70 columns, max diff <1e-9); K21 classes it as a pristine-host or on-site property; no pristine counterpart is shipped, so not recomputed","K21 Sec. II I (PRM 5, 123803, p. 3), three descriptor types; ratios of i-orbital components at VBM and CBM"
vbm_s,Fraction of s-orbital character in the pristine host's valence-band maximum state (projection ratio).,dimensionless,host,host-electronic DFT,pristine unit-cell DFT,no,"identical across q=0,+1,+2 CSVs (70/70 columns, max diff <1e-9); K21 classes it as a pristine-host or on-site property; no pristine counterpart is shipped, so not recomputed","K21 Sec. II I (PRM 5, 123803, p. 3), three descriptor types; ratios of i-orbital components at VBM and CBM"
ave_bec,"Spherically averaged Born effective charge (trace/3) of the O atom to be removed, in the pristine host (DFPT).",e (elementary charge); negative for O,site,site-electronic DFT,pristine unit-cell DFT,no,"identical across q=0,+1,+2 CSVs (70/70 columns, max diff <1e-9); K21 classes it as a pristine-host or on-site property; no pristine counterpart is shipped, so not recomputed","K21 Sec. II I (PRM 5, 123803, p. 3), three descriptor types"
bader_charge,"Bader charge of the O atom to be removed, from the pristine host unit-cell all-electron density; net ionic charge, negative for the anion.",e,site,site-electronic DFT,pristine unit-cell DFT,no,"recomputed exactly from pristine unit-cell data in bulk_visual_data.json (max abs diff 2.2e-16, 1745/1745 rows); identical across q=0,+1,+2 CSVs; equals the pristine unit-cell Bader charge of the O site (not a defect-cell quantity)","K21 Sec. II I (second type; Bader code of Henkelman et al., refs 50-51)"
bader_volume,"Bader (zero-flux) volume of the O atom to be removed, from the pristine host all-electron density.",A^3,site,site-electronic DFT,pristine unit-cell DFT,no,"identical across q=0,+1,+2 CSVs (70/70 columns, max diff <1e-9); K21 classes it as a pristine-host or on-site property; no pristine counterpart is shipped, so not recomputed",K21 Sec. II I (second type)
nn_ave_ave_bec,Solid-angle-weighted mean of the spherically averaged Born effective charge over the Voronoi neighbours. Neighbours are the periodic Voronoi neighbours of the O site in the pristine unit cell; weights are the Voronoi solid-angle fractions (sum 1).,e,site,site-electronic DFT,pristine unit-cell DFT,no,"identical across q=0,+1,+2 CSVs (70/70 columns, max diff <1e-9); K21 classes it as a pristine-host or on-site property; no pristine counterpart is shipped, so not recomputed","K21 Sec. II I (PRM 5, 123803, p. 3), three descriptor types; third type (neighbour information)"
nn_ave_bader_charge,Solid-angle-weighted mean of the Bader charge over the Voronoi neighbours of the O site. Neighbours are the periodic Voronoi neighbours of the O site in the pristine unit cell; weights are the Voronoi solid-angle fractions (sum 1).,e,site,site-electronic DFT,pristine unit-cell DFT,no,weighted mean recomputed exactly from pristine unit cell + per-atom pristine Bader charges (max abs diff 5.7e-15),"K21 Sec. II I (PRM 5, 123803, p. 3), three descriptor types; third type (neighbour information)"
nn_ave_eleneg,Solid-angle-weighted mean of the Pauling electronegativity over the Voronoi neighbours (cations and O). Neighbours are the periodic Voronoi neighbours of the O site in the pristine unit cell; weights are the Voronoi solid-angle fractions (sum 1).,Pauling units (dimensionless),site,structural/compositional,none,no,weighted mean recomputed exactly from pristine structure and Pauling electronegativities (max abs diff 2.2e-15),"K21 Sec. II I (PRM 5, 123803, p. 3), three descriptor types; third type (neighbour information)"
nn_max_ave_bec,Maximum of the spherically averaged Born effective charge over the Voronoi neighbours. Neighbours are the periodic Voronoi neighbours of the O site in the pristine unit cell; weights are the Voronoi solid-angle fractions (sum 1).,e,site,site-electronic DFT,pristine unit-cell DFT,no,"identical across q=0,+1,+2 CSVs (70/70 columns, max diff <1e-9); K21 classes it as a pristine-host or on-site property; no pristine counterpart is shipped, so not recomputed","K21 Sec. II I (PRM 5, 123803, p. 3), three descriptor types; third type (neighbour information)"
nn_max_bader_charge,Maximum of the Bader charge over the Voronoi neighbours of the O site. Neighbours are the periodic Voronoi neighbours of the O site in the pristine unit cell; weights are the Voronoi solid-angle fractions (sum 1).,e,site,site-electronic DFT,pristine unit-cell DFT,no,"built from pristine unit-cell neighbours; max/min selection rule (weight > 1/12) reproduced for 99.8% of rows, exact rule not documented; identical across q","K21 Sec. II I (PRM 5, 123803, p. 3), three descriptor types; third type (neighbour information)"
nn_max_eleneg,Maximum of the Pauling electronegativity over the Voronoi neighbours (cations and O). Neighbours are the periodic Voronoi neighbours of the O site in the pristine unit cell; weights are the Voronoi solid-angle fractions (sum 1).,Pauling units (dimensionless),site,structural/compositional,none,no,"built from pristine structure and Pauling electronegativities; max/min selection reproduced for 74.3% of rows, exact rule not documented; identical across q","K21 Sec. II I (PRM 5, 123803, p. 3), three descriptor types; third type (neighbour information)"
nn_min_ave_bec,Minimum of the spherically averaged Born effective charge over the Voronoi neighbours. Neighbours are the periodic Voronoi neighbours of the O site in the pristine unit cell; weights are the Voronoi solid-angle fractions (sum 1).,e,site,site-electronic DFT,pristine unit-cell DFT,no,"identical across q=0,+1,+2 CSVs (70/70 columns, max diff <1e-9); K21 classes it as a pristine-host or on-site property; no pristine counterpart is shipped, so not recomputed","K21 Sec. II I (PRM 5, 123803, p. 3), three descriptor types; third type (neighbour information)"
nn_min_bader_charge,Minimum of the Bader charge over the Voronoi neighbours of the O site. Neighbours are the periodic Voronoi neighbours of the O site in the pristine unit cell; weights are the Voronoi solid-angle fractions (sum 1).,e,site,site-electronic DFT,pristine unit-cell DFT,no,"built from pristine unit-cell neighbours; max/min selection rule (weight > 1/12) reproduced for 72.8% of rows, exact rule not documented; identical across q","K21 Sec. II I (PRM 5, 123803, p. 3), three descriptor types; third type (neighbour information)"
nn_min_eleneg,Minimum of the Pauling electronegativity over the Voronoi neighbours (cations and O). Neighbours are the periodic Voronoi neighbours of the O site in the pristine unit cell; weights are the Voronoi solid-angle fractions (sum 1).,Pauling units (dimensionless),site,structural/compositional,none,no,"built from pristine structure and Pauling electronegativities; max/min selection reproduced for 97.7% of rows, exact rule not documented; identical across q","K21 Sec. II I (PRM 5, 123803, p. 3), three descriptor types; third type (neighbour information)"
o2p_center_from_vbm,"Centroid of the O-2p projected density of states of the O site, measured as its distance below the VBM (Deml et al. descriptor).",eV,site,site-electronic DFT,pristine unit-cell DFT,no,"reproduced from the pristine unit-cell site-projected DOS shipped in bulk_visual_data.json (1745 rows; max dev 0.13 eV, integration window not documented); identical across q","K21 Sec. II I (second type; Deml et al., ref. 7)"
Bi,Fraction w_Bi of the solid angle of the O-site Voronoi cell (pristine unit cell) that faces Bi atoms.,"dimensionless (fraction, sums to 1 over elements)",site,structural/compositional,none,no,"recomputed exactly from the pristine unit-cell Voronoi tessellation (max abs diff 8.3e-16, 1745/1745 rows); identical across q","K21 Sec. II I (PRM 5, 123803, p. 3), three descriptor types; weights w_X of surfaces pointing to neighbouring X atoms"
Ag,Fraction w_Ag of the solid angle of the O-site Voronoi cell (pristine unit cell) that faces Ag atoms.,"dimensionless (fraction, sums to 1 over elements)",site,structural/compositional,none,no,"recomputed exactly from the pristine unit-cell Voronoi tessellation (max abs diff 8.3e-16, 1745/1745 rows); identical across q","K21 Sec. II I (PRM 5, 123803, p. 3), three descriptor types; weights w_X of surfaces pointing to neighbouring X atoms"
O,Fraction w_O of the solid angle of the O-site Voronoi cell (pristine unit cell) that faces O atoms.,"dimensionless (fraction, sums to 1 over elements)",site,structural/compositional,none,no,"recomputed exactly from the pristine unit-cell Voronoi tessellation (max abs diff 8.3e-16, 1745/1745 rows); identical across q","K21 Sec. II I (PRM 5, 123803, p. 3), three descriptor types; weights w_X of surfaces pointing to neighbouring X atoms"
Hg,Fraction w_Hg of the solid angle of the O-site Voronoi cell (pristine unit cell) that faces Hg atoms.,"dimensionless (fraction, sums to 1 over elements)",site,structural/compositional,none,no,"recomputed exactly from the pristine unit-cell Voronoi tessellation (max abs diff 8.3e-16, 1745/1745 rows); identical across q","K21 Sec. II I (PRM 5, 123803, p. 3), three descriptor types; weights w_X of surfaces pointing to neighbouring X atoms"
Au,Fraction w_Au of the solid angle of the O-site Voronoi cell (pristine unit cell) that faces Au atoms.,"dimensionless (fraction, sums to 1 over elements)",site,structural/compositional,none,no,"recomputed exactly from the pristine unit-cell Voronoi tessellation (max abs diff 8.3e-16, 1745/1745 rows); identical across q","K21 Sec. II I (PRM 5, 123803, p. 3), three descriptor types; weights w_X of surfaces pointing to neighbouring X atoms"
Ge,Fraction w_Ge of the solid angle of the O-site Voronoi cell (pristine unit cell) that faces Ge atoms.,"dimensionless (fraction, sums to 1 over elements)",site,structural/compositional,none,no,"recomputed exactly from the pristine unit-cell Voronoi tessellation (max abs diff 8.3e-16, 1745/1745 rows); identical across q","K21 Sec. II I (PRM 5, 123803, p. 3), three descriptor types; weights w_X of surfaces pointing to neighbouring X atoms"
Al,Fraction w_Al of the solid angle of the O-site Voronoi cell (pristine unit cell) that faces Al atoms.,"dimensionless (fraction, sums to 1 over elements)",site,structural/compositional,none,no,"recomputed exactly from the pristine unit-cell Voronoi tessellation (max abs diff 8.3e-16, 1745/1745 rows); identical across q","K21 Sec. II I (PRM 5, 123803, p. 3), three descriptor types; weights w_X of surfaces pointing to neighbouring X atoms"
Pb,Fraction w_Pb of the solid angle of the O-site Voronoi cell (pristine unit cell) that faces Pb atoms.,"dimensionless (fraction, sums to 1 over elements)",site,structural/compositional,none,no,"recomputed exactly from the pristine unit-cell Voronoi tessellation (max abs diff 8.3e-16, 1745/1745 rows); identical across q","K21 Sec. II I (PRM 5, 123803, p. 3), three descriptor types; weights w_X of surfaces pointing to neighbouring X atoms"
Zn,Fraction w_Zn of the solid angle of the O-site Voronoi cell (pristine unit cell) that faces Zn atoms.,"dimensionless (fraction, sums to 1 over elements)",site,structural/compositional,none,no,"recomputed exactly from the pristine unit-cell Voronoi tessellation (max abs diff 8.3e-16, 1745/1745 rows); identical across q","K21 Sec. II I (PRM 5, 123803, p. 3), three descriptor types; weights w_X of surfaces pointing to neighbouring X atoms"
As,Fraction w_As of the solid angle of the O-site Voronoi cell (pristine unit cell) that faces As atoms.,"dimensionless (fraction, sums to 1 over elements)",site,structural/compositional,none,no,"recomputed exactly from the pristine unit-cell Voronoi tessellation (max abs diff 8.3e-16, 1745/1745 rows); identical across q","K21 Sec. II I (PRM 5, 123803, p. 3), three descriptor types; weights w_X of surfaces pointing to neighbouring X atoms"
Cu,Fraction w_Cu of the solid angle of the O-site Voronoi cell (pristine unit cell) that faces Cu atoms.,"dimensionless (fraction, sums to 1 over elements)",site,structural/compositional,none,no,"recomputed exactly from the pristine unit-cell Voronoi tessellation (max abs diff 8.3e-16, 1745/1745 rows); identical across q","K21 Sec. II I (PRM 5, 123803, p. 3), three descriptor types; weights w_X of surfaces pointing to neighbouring X atoms"
Sb,Fraction w_Sb of the solid angle of the O-site Voronoi cell (pristine unit cell) that faces Sb atoms.,"dimensionless (fraction, sums to 1 over elements)",site,structural/compositional,none,no,"recomputed exactly from the pristine unit-cell Voronoi tessellation (max abs diff 8.3e-16, 1745/1745 rows); identical across q","K21 Sec. II I (PRM 5, 123803, p. 3), three descriptor types; weights w_X of surfaces pointing to neighbouring X atoms"
Mo,Fraction w_Mo of the solid angle of the O-site Voronoi cell (pristine unit cell) that faces Mo atoms.,"dimensionless (fraction, sums to 1 over elements)",site,structural/compositional,none,no,"recomputed exactly from the pristine unit-cell Voronoi tessellation (max abs diff 8.3e-16, 1745/1745 rows); identical across q","K21 Sec. II I (PRM 5, 123803, p. 3), three descriptor types; weights w_X of surfaces pointing to neighbouring X atoms"
Tl,Fraction w_Tl of the solid angle of the O-site Voronoi cell (pristine unit cell) that faces Tl atoms.,"dimensionless (fraction, sums to 1 over elements)",site,structural/compositional,none,no,"recomputed exactly from the pristine unit-cell Voronoi tessellation (max abs diff 8.3e-16, 1745/1745 rows); identical across q","K21 Sec. II I (PRM 5, 123803, p. 3), three descriptor types; weights w_X of surfaces pointing to neighbouring X atoms"
B,Fraction w_B of the solid angle of the O-site Voronoi cell (pristine unit cell) that faces B atoms.,"dimensionless (fraction, sums to 1 over elements)",site,structural/compositional,none,no,"recomputed exactly from the pristine unit-cell Voronoi tessellation (max abs diff 8.3e-16, 1745/1745 rows); identical across q","K21 Sec. II I (PRM 5, 123803, p. 3), three descriptor types; weights w_X of surfaces pointing to neighbouring X atoms"
Ba,Fraction w_Ba of the solid angle of the O-site Voronoi cell (pristine unit cell) that faces Ba atoms.,"dimensionless (fraction, sums to 1 over elements)",site,structural/compositional,none,no,"recomputed exactly from the pristine unit-cell Voronoi tessellation (max abs diff 8.3e-16, 1745/1745 rows); identical across q","K21 Sec. II I (PRM 5, 123803, p. 3), three descriptor types; weights w_X of surfaces pointing to neighbouring X atoms"
Ca,Fraction w_Ca of the solid angle of the O-site Voronoi cell (pristine unit cell) that faces Ca atoms.,"dimensionless (fraction, sums to 1 over elements)",site,structural/compositional,none,no,"recomputed exactly from the pristine unit-cell Voronoi tessellation (max abs diff 8.3e-16, 1745/1745 rows); identical across q","K21 Sec. II I (PRM 5, 123803, p. 3), three descriptor types; weights w_X of surfaces pointing to neighbouring X atoms"
Pd,Fraction w_Pd of the solid angle of the O-site Voronoi cell (pristine unit cell) that faces Pd atoms.,"dimensionless (fraction, sums to 1 over elements)",site,structural/compositional,none,no,"recomputed exactly from the pristine unit-cell Voronoi tessellation (max abs diff 8.3e-16, 1745/1745 rows); identical across q","K21 Sec. II I (PRM 5, 123803, p. 3), three descriptor types; weights w_X of surfaces pointing to neighbouring X atoms"
Cd,Fraction w_Cd of the solid angle of the O-site Voronoi cell (pristine unit cell) that faces Cd atoms.,"dimensionless (fraction, sums to 1 over elements)",site,structural/compositional,none,no,"recomputed exactly from the pristine unit-cell Voronoi tessellation (max abs diff 8.3e-16, 1745/1745 rows); identical across q","K21 Sec. II I (PRM 5, 123803, p. 3), three descriptor types; weights w_X of surfaces pointing to neighbouring X atoms"
Pt,Fraction w_Pt of the solid angle of the O-site Voronoi cell (pristine unit cell) that faces Pt atoms.,"dimensionless (fraction, sums to 1 over elements)",site,structural/compositional,none,no,"recomputed exactly from the pristine unit-cell Voronoi tessellation (max abs diff 8.3e-16, 1745/1745 rows); identical across q","K21 Sec. II I (PRM 5, 123803, p. 3), three descriptor types; weights w_X of surfaces pointing to neighbouring X atoms"
Ce,Fraction w_Ce of the solid angle of the O-site Voronoi cell (pristine unit cell) that faces Ce atoms.,"dimensionless (fraction, sums to 1 over elements)",site,structural/compositional,none,no,"recomputed exactly from the pristine unit-cell Voronoi tessellation (max abs diff 8.3e-16, 1745/1745 rows); identical across q","K21 Sec. II I (PRM 5, 123803, p. 3), three descriptor types; weights w_X of surfaces pointing to neighbouring X atoms"
Hf,Fraction w_Hf of the solid angle of the O-site Voronoi cell (pristine unit cell) that faces Hf atoms.,"dimensionless (fraction, sums to 1 over elements)",site,structural/compositional,none,no,"recomputed exactly from the pristine unit-cell Voronoi tessellation (max abs diff 8.3e-16, 1745/1745 rows); identical across q","K21 Sec. II I (PRM 5, 123803, p. 3), three descriptor types; weights w_X of surfaces pointing to neighbouring X atoms"
In,Fraction w_In of the solid angle of the O-site Voronoi cell (pristine unit cell) that faces In atoms.,"dimensionless (fraction, sums to 1 over elements)",site,structural/compositional,none,no,"recomputed exactly from the pristine unit-cell Voronoi tessellation (max abs diff 8.3e-16, 1745/1745 rows); identical across q","K21 Sec. II I (PRM 5, 123803, p. 3), three descriptor types; weights w_X of surfaces pointing to neighbouring X atoms"
Ga,Fraction w_Ga of the solid angle of the O-site Voronoi cell (pristine unit cell) that faces Ga atoms.,"dimensionless (fraction, sums to 1 over elements)",site,structural/compositional,none,no,"recomputed exactly from the pristine unit-cell Voronoi tessellation (max abs diff 8.3e-16, 1745/1745 rows); identical across q","K21 Sec. II I (PRM 5, 123803, p. 3), three descriptor types; weights w_X of surfaces pointing to neighbouring X atoms"
La,Fraction w_La of the solid angle of the O-site Voronoi cell (pristine unit cell) that faces La atoms.,"dimensionless (fraction, sums to 1 over elements)",site,structural/compositional,none,no,"recomputed exactly from the pristine unit-cell Voronoi tessellation (max abs diff 8.3e-16, 1745/1745 rows); identical across q","K21 Sec. II I (PRM 5, 123803, p. 3), three descriptor types; weights w_X of surfaces pointing to neighbouring X atoms"
Ta,Fraction w_Ta of the solid angle of the O-site Voronoi cell (pristine unit cell) that faces Ta atoms.,"dimensionless (fraction, sums to 1 over elements)",site,structural/compositional,none,no,"recomputed exactly from the pristine unit-cell Voronoi tessellation (max abs diff 8.3e-16, 1745/1745 rows); identical across q","K21 Sec. II I (PRM 5, 123803, p. 3), three descriptor types; weights w_X of surfaces pointing to neighbouring X atoms"
Mg,Fraction w_Mg of the solid angle of the O-site Voronoi cell (pristine unit cell) that faces Mg atoms.,"dimensionless (fraction, sums to 1 over elements)",site,structural/compositional,none,no,"recomputed exactly from the pristine unit-cell Voronoi tessellation (max abs diff 8.3e-16, 1745/1745 rows); identical across q","K21 Sec. II I (PRM 5, 123803, p. 3), three descriptor types; weights w_X of surfaces pointing to neighbouring X atoms"
Si,Fraction w_Si of the solid angle of the O-site Voronoi cell (pristine unit cell) that faces Si atoms.,"dimensionless (fraction, sums to 1 over elements)",site,structural/compositional,none,no,"recomputed exactly from the pristine unit-cell Voronoi tessellation (max abs diff 8.3e-16, 1745/1745 rows); identical across q","K21 Sec. II I (PRM 5, 123803, p. 3), three descriptor types; weights w_X of surfaces pointing to neighbouring X atoms"
Sc,Fraction w_Sc of the solid angle of the O-site Voronoi cell (pristine unit cell) that faces Sc atoms.,"dimensionless (fraction, sums to 1 over elements)",site,structural/compositional,none,no,"recomputed exactly from the pristine unit-cell Voronoi tessellation (max abs diff 8.3e-16, 1745/1745 rows); identical across q","K21 Sec. II I (PRM 5, 123803, p. 3), three descriptor types; weights w_X of surfaces pointing to neighbouring X atoms"
Sn,Fraction w_Sn of the solid angle of the O-site Voronoi cell (pristine unit cell) that faces Sn atoms.,"dimensionless (fraction, sums to 1 over elements)",site,structural/compositional,none,no,"recomputed exactly from the pristine unit-cell Voronoi tessellation (max abs diff 8.3e-16, 1745/1745 rows); identical across q","K21 Sec. II I (PRM 5, 123803, p. 3), three descriptor types; weights w_X of surfaces pointing to neighbouring X atoms"
Ti,Fraction w_Ti of the solid angle of the O-site Voronoi cell (pristine unit cell) that faces Ti atoms.,"dimensionless (fraction, sums to 1 over elements)",site,structural/compositional,none,no,"recomputed exactly from the pristine unit-cell Voronoi tessellation (max abs diff 8.3e-16, 1745/1745 rows); identical across q","K21 Sec. II I (PRM 5, 123803, p. 3), three descriptor types; weights w_X of surfaces pointing to neighbouring X atoms"
Y,Fraction w_Y of the solid angle of the O-site Voronoi cell (pristine unit cell) that faces Y atoms.,"dimensionless (fraction, sums to 1 over elements)",site,structural/compositional,none,no,"recomputed exactly from the pristine unit-cell Voronoi tessellation (max abs diff 8.3e-16, 1745/1745 rows); identical across q","K21 Sec. II I (PRM 5, 123803, p. 3), three descriptor types; weights w_X of surfaces pointing to neighbouring X atoms"
Zr,Fraction w_Zr of the solid angle of the O-site Voronoi cell (pristine unit cell) that faces Zr atoms.,"dimensionless (fraction, sums to 1 over elements)",site,structural/compositional,none,no,"recomputed exactly from the pristine unit-cell Voronoi tessellation (max abs diff 8.3e-16, 1745/1745 rows); identical across q","K21 Sec. II I (PRM 5, 123803, p. 3), three descriptor types; weights w_X of surfaces pointing to neighbouring X atoms"
Nb,Fraction w_Nb of the solid angle of the O-site Voronoi cell (pristine unit cell) that faces Nb atoms.,"dimensionless (fraction, sums to 1 over elements)",site,structural/compositional,none,no,"recomputed exactly from the pristine unit-cell Voronoi tessellation (max abs diff 8.3e-16, 1745/1745 rows); identical across q","K21 Sec. II I (PRM 5, 123803, p. 3), three descriptor types; weights w_X of surfaces pointing to neighbouring X atoms"
Na,Fraction w_Na of the solid angle of the O-site Voronoi cell (pristine unit cell) that faces Na atoms.,"dimensionless (fraction, sums to 1 over elements)",site,structural/compositional,none,no,"recomputed exactly from the pristine unit-cell Voronoi tessellation (max abs diff 8.3e-16, 1745/1745 rows); identical across q","K21 Sec. II I (PRM 5, 123803, p. 3), three descriptor types; weights w_X of surfaces pointing to neighbouring X atoms"
Sr,Fraction w_Sr of the solid angle of the O-site Voronoi cell (pristine unit cell) that faces Sr atoms.,"dimensionless (fraction, sums to 1 over elements)",site,structural/compositional,none,no,"recomputed exactly from the pristine unit-cell Voronoi tessellation (max abs diff 8.3e-16, 1745/1745 rows); identical across q","K21 Sec. II I (PRM 5, 123803, p. 3), three descriptor types; weights w_X of surfaces pointing to neighbouring X atoms"
V,Fraction w_V of the solid angle of the O-site Voronoi cell (pristine unit cell) that faces V atoms.,"dimensionless (fraction, sums to 1 over elements)",site,structural/compositional,none,no,"recomputed exactly from the pristine unit-cell Voronoi tessellation (max abs diff 8.3e-16, 1745/1745 rows); identical across q","K21 Sec. II I (PRM 5, 123803, p. 3), three descriptor types; weights w_X of surfaces pointing to neighbouring X atoms"
Li,Fraction w_Li of the solid angle of the O-site Voronoi cell (pristine unit cell) that faces Li atoms.,"dimensionless (fraction, sums to 1 over elements)",site,structural/compositional,none,no,"recomputed exactly from the pristine unit-cell Voronoi tessellation (max abs diff 8.3e-16, 1745/1745 rows); identical across q","K21 Sec. II I (PRM 5, 123803, p. 3), three descriptor types; weights w_X of surfaces pointing to neighbouring X atoms"
Be,Fraction w_Be of the solid angle of the O-site Voronoi cell (pristine unit cell) that faces Be atoms.,"dimensionless (fraction, sums to 1 over elements)",site,structural/compositional,none,no,"recomputed exactly from the pristine unit-cell Voronoi tessellation (max abs diff 8.3e-16, 1745/1745 rows); identical across q","K21 Sec. II I (PRM 5, 123803, p. 3), three descriptor types; weights w_X of surfaces pointing to neighbouring X atoms"
W,Fraction w_W of the solid angle of the O-site Voronoi cell (pristine unit cell) that faces W atoms.,"dimensionless (fraction, sums to 1 over elements)",site,structural/compositional,none,no,"recomputed exactly from the pristine unit-cell Voronoi tessellation (max abs diff 8.3e-16, 1745/1745 rows); identical across q","K21 Sec. II I (PRM 5, 123803, p. 3), three descriptor types; weights w_X of surfaces pointing to neighbouring X atoms"
Cr,Fraction w_Cr of the solid angle of the O-site Voronoi cell (pristine unit cell) that faces Cr atoms.,"dimensionless (fraction, sums to 1 over elements)",site,structural/compositional,none,no,"recomputed exactly from the pristine unit-cell Voronoi tessellation (max abs diff 8.3e-16, 1745/1745 rows); identical across q","K21 Sec. II I (PRM 5, 123803, p. 3), three descriptor types; weights w_X of surfaces pointing to neighbouring X atoms"
Cs,Fraction w_Cs of the solid angle of the O-site Voronoi cell (pristine unit cell) that faces Cs atoms.,"dimensionless (fraction, sums to 1 over elements)",site,structural/compositional,none,no,"recomputed exactly from the pristine unit-cell Voronoi tessellation (max abs diff 8.3e-16, 1745/1745 rows); identical across q","K21 Sec. II I (PRM 5, 123803, p. 3), three descriptor types; weights w_X of surfaces pointing to neighbouring X atoms"
K,Fraction w_K of the solid angle of the O-site Voronoi cell (pristine unit cell) that faces K atoms.,"dimensionless (fraction, sums to 1 over elements)",site,structural/compositional,none,no,"recomputed exactly from the pristine unit-cell Voronoi tessellation (max abs diff 8.3e-16, 1745/1745 rows); identical across q","K21 Sec. II I (PRM 5, 123803, p. 3), three descriptor types; weights w_X of surfaces pointing to neighbouring X atoms"
Re,Fraction w_Re of the solid angle of the O-site Voronoi cell (pristine unit cell) that faces Re atoms.,"dimensionless (fraction, sums to 1 over elements)",site,structural/compositional,none,no,"recomputed exactly from the pristine unit-cell Voronoi tessellation (max abs diff 8.3e-16, 1745/1745 rows); identical across q","K21 Sec. II I (PRM 5, 123803, p. 3), three descriptor types; weights w_X of surfaces pointing to neighbouring X atoms"
Rb,Fraction w_Rb of the solid angle of the O-site Voronoi cell (pristine unit cell) that faces Rb atoms.,"dimensionless (fraction, sums to 1 over elements)",site,structural/compositional,none,no,"recomputed exactly from the pristine unit-cell Voronoi tessellation (max abs diff 8.3e-16, 1745/1745 rows); identical across q","K21 Sec. II I (PRM 5, 123803, p. 3), three descriptor types; weights w_X of surfaces pointing to neighbouring X atoms"
