file_class,bytes,files
ML_charged_defects-39db6d2d8f5653d6452c7877ecb2e296f04a7a01.tar.gz,3113812,1
oxygen_vacancies_db-e310353ecbf698499c85a5ec5416b76e82dcecfd.tar.gz,956007272,1
unpacked/ML_charged_defects/README.md,1216,1
unpacked/ML_charged_defects/cgcnn/__init__.py,0,1
unpacked/ML_charged_defects/cgcnn/atom_init.json,28392,1
unpacked/ML_charged_defects/cgcnn/cgcnn_lightning.py,2597,1
unpacked/ML_charged_defects/cgcnn/cgcnn_module.py,5642,1
unpacked/ML_charged_defects/cgcnn/collate.py,3171,1
unpacked/ML_charged_defects/cgcnn/data.py,1309,1
unpacked/ML_charged_defects/cgcnn/eval_accuracy.py,1044,1
unpacked/ML_charged_defects/cgcnn/featurizer.py,5029,1
unpacked/ML_charged_defects/cgcnn/material.py,736,1
unpacked/ML_charged_defects/cgcnn/materials_dataset.py,2275,1
unpacked/ML_charged_defects/cgcnn/ml_results.py,9475,1
unpacked/ML_charged_defects/cgcnn/normalizer.py,4754,1
unpacked/ML_charged_defects/cgcnn/parameters.py,1612,1
unpacked/ML_charged_defects/cgcnn/pooling.py,1268,1
unpacked/ML_charged_defects/cgcnn/save_model.py,542,1
unpacked/ML_charged_defects/oxy_vac_data/materials_VBM/<formula>.json,3830499,924
unpacked/ML_charged_defects/oxy_vac_data/materials_coreAlign/<formula>.json,3916564,924
unpacked/ML_charged_defects/oxy_vac_data/materials_coreAlign_with_PHS/<formula>.json,3942781,924
unpacked/ML_charged_defects/oxy_vac_data/materials_vbmAlign/<formula>.json,3917721,924
unpacked/ML_charged_defects/oxy_vac_data/test_w_PHS.txt,1143,1
unpacked/ML_charged_defects/oxy_vac_data/test_wo_PHS.txt,1136,1
unpacked/ML_charged_defects/oxy_vac_data/train_w_PHS.txt,5564,1
unpacked/ML_charged_defects/oxy_vac_data/train_wo_PHS.txt,5564,1
unpacked/ML_charged_defects/oxy_vac_data/val_w_PHS.txt,1155,1
unpacked/ML_charged_defects/oxy_vac_data/val_wo_PHS.txt,1155,1
unpacked/ML_charged_defects/requirements.txt,29,1
unpacked/oxygen_vacancies_db/README.md,7100,1
unpacked/oxygen_vacancies_db/add_data.ipynb,124343,1
unpacked/oxygen_vacancies_db/oxygen_vacancies_db_data/<formula>.tar.gz,955794379,937
unpacked/oxygen_vacancies_db/oxygen_vacancies_db_data/<formula>/<formula>_Va_O<n>_<q>.tar.gz,1007704718,6274
unpacked/oxygen_vacancies_db/oxygen_vacancies_db_data/<formula>/<formula>_Va_O<n>_<q>.vesta,32677862,6274
unpacked/oxygen_vacancies_db/oxygen_vacancies_db_data/<formula>/bulk_visual_data.json,758484903,937
unpacked/oxygen_vacancies_db/oxygen_vacancies_db_data/<formula>/chem_pot_diag.json,9726986,937
unpacked/oxygen_vacancies_db/oxygen_vacancies_db_data/<formula>/defect_visual_data.json,720413438,937
unpacked/oxygen_vacancies_db/programs/assets/crystaltoolkit.css,736,1
unpacked/oxygen_vacancies_db/programs/assets/favicon.ico,2053,1
unpacked/oxygen_vacancies_db/programs/assets/favicon.png,2053,1
unpacked/oxygen_vacancies_db/programs/assets/main.676ba3b3f504fcaf6a2c.css,253078,1
unpacked/oxygen_vacancies_db/programs/bulk_dataclass.py,3802,1
unpacked/oxygen_vacancies_db/programs/callbacks.py,1051,1
unpacked/oxygen_vacancies_db/programs/components.py,13150,1
unpacked/oxygen_vacancies_db/programs/create_app.py,3430,1
unpacked/oxygen_vacancies_db/programs/create_defect_layout.py,1661,1
unpacked/oxygen_vacancies_db/programs/create_homepage.py,1281,1
unpacked/oxygen_vacancies_db/programs/create_layout.py,7419,1
unpacked/oxygen_vacancies_db/programs/defect_dataclass.py,2084,1
unpacked/oxygen_vacancies_db/programs/structure_component.py,13231,1
unpacked/oxygen_vacancies_db/requirements.txt,121,1
unpacked/oxygen_vacancies_db/site_info.tar.gz,1708018,1
unpacked/oxygen_vacancies_db/site_info/.DS_Store,6148,1
unpacked/oxygen_vacancies_db/site_info/<formula>/cell_info.txt,1651351,937
unpacked/oxygen_vacancies_db/site_info/<formula>/supercell.cif,11893702,937
unpacked/oxygen_vacancies_db/vacancy_formation_energy_ml/charge0.csv,1153900,1
unpacked/oxygen_vacancies_db/vacancy_formation_energy_ml/charge1.csv,1118053,1
unpacked/oxygen_vacancies_db/vacancy_formation_energy_ml/charge2.csv,1062370,1
unpacked/oxygen_vacancies_db/vacancy_formation_energy_ml/df_charge0.pcl,1040852,1
unpacked/oxygen_vacancies_db/vacancy_formation_energy_ml/df_charge1.pcl,1007684,1
unpacked/oxygen_vacancies_db/vacancy_formation_energy_ml/df_charge2.pcl,949603,1
unpacked/oxygen_vacancies_db/vacancy_formation_energy_ml/machine_learning.py,8441,1
unpacked/oxygen_vacancies_db/vacancy_formation_energy_ml/test.ipynb,4152,1
